-- MySQL dump 10.13  Distrib 5.7.26, for Linux (x86_64)
--
-- Host: localhost    Database: fullstackworld
-- ------------------------------------------------------
-- Server version	5.7.25-0ubuntu0.18.04.2

/*!40101 SET @OLD_CHARACTER_SET_CLIENT=@@CHARACTER_SET_CLIENT */;
/*!40101 SET @OLD_CHARACTER_SET_RESULTS=@@CHARACTER_SET_RESULTS */;
/*!40101 SET @OLD_COLLATION_CONNECTION=@@COLLATION_CONNECTION */;
/*!40101 SET NAMES utf8 */;
/*!40103 SET @OLD_TIME_ZONE=@@TIME_ZONE */;
/*!40103 SET TIME_ZONE='+00:00' */;
/*!40014 SET @OLD_UNIQUE_CHECKS=@@UNIQUE_CHECKS, UNIQUE_CHECKS=0 */;
/*!40014 SET @OLD_FOREIGN_KEY_CHECKS=@@FOREIGN_KEY_CHECKS, FOREIGN_KEY_CHECKS=0 */;
/*!40101 SET @OLD_SQL_MODE=@@SQL_MODE, SQL_MODE='NO_AUTO_VALUE_ON_ZERO' */;
/*!40111 SET @OLD_SQL_NOTES=@@SQL_NOTES, SQL_NOTES=0 */;

--
-- Dumping data for table `authors`
--

LOCK TABLES `authors` WRITE;
/*!40000 ALTER TABLE `authors` DISABLE KEYS */;
INSERT INTO `authors` VALUES ('2aa04e3a-eb4a-404b-b237-207758950705','ramesh-mhetre','Ramesh Mhetre','hello@fullstackworld.com','$2y$10$5B3YpmamCpvEoxS1bP1BFul6nD/Gx4/9/cXodPqQ0oXOJBXz0VRbe','<p>Favorite Mantra - <strong>Less is more!</strong></p>',NULL,'AAhcFotpXcuUlvNd3Gu97zfW61B1QUJdQwGvqYPnEUj8C35eGVaVIFpwoRcs','2019-01-07 14:51:45','2019-05-23 06:17:30','{\"meta_description\":null,\"opengraph_title\":null,\"opengraph_description\":null,\"opengraph_image\":null,\"opengraph_image_width\":null,\"opengraph_image_height\":null,\"twitter_title\":null,\"twitter_description\":null,\"twitter_image\":null,\"theme\":\"light\"}');
/*!40000 ALTER TABLE `authors` ENABLE KEYS */;
UNLOCK TABLES;

--
-- Dumping data for table `pages`
--

LOCK TABLES `pages` WRITE;
/*!40000 ALTER TABLE `pages` DISABLE KEYS */;
INSERT INTO `pages` VALUES ('3431cf83-da0b-46f1-9b55-1c468ecf6e0e','faq','FAQ','<p>We are working on it!</p>','{\"meta_description\":null,\"opengraph_title\":null,\"opengraph_description\":null,\"opengraph_image\":null,\"opengraph_image_width\":null,\"opengraph_image_height\":null,\"twitter_title\":null,\"twitter_description\":null,\"twitter_image\":null}','2019-05-31 12:54:55','2019-05-31 12:56:07'),('70f68e6f-6385-4514-ad77-816e65fa6e2a','code-of-conduct','Code of Conduct','<h2>We are working on it!</h2>','{\"meta_description\":null,\"opengraph_title\":null,\"opengraph_description\":null,\"opengraph_image\":null,\"opengraph_image_width\":null,\"opengraph_image_height\":null,\"twitter_title\":null,\"twitter_description\":null,\"twitter_image\":null}','2019-05-31 12:54:03','2019-05-31 12:54:34'),('9e44302e-0839-4255-87f5-30f43a5f1d12','about','About us','<p>FullStackWorld is a platform where developers help each other by sharing their stories. We are a community driven dialogue in the pursuit of common goal for everyone. Anyone can share articles, posts, comments as long as they are owning their words. Cross-posting of your own content is also welcome.</p><p>You are welcome for any sort of contributions which you wish to make. Head over to <a href=\"https://github.com/fullstackworld/fullstackworld.com\" target=\"_blank\">GitHub</a>&nbsp;and start sending your PR\'s.</p>','{\"meta_description\":\"FullStackWorld is a platform where developers help each other by sharing their stories. We are a community driven dialogue in the pursuit of common goal for everyone. Anyone can share articles, posts, comments as long as they are owning their words. Cross-posting of your own content is also welcome.\",\"opengraph_title\":null,\"opengraph_description\":null,\"opengraph_image\":null,\"opengraph_image_width\":null,\"opengraph_image_height\":null,\"twitter_title\":null,\"twitter_description\":null,\"twitter_image\":null}','2019-05-29 15:08:12','2019-05-31 12:38:24'),('a4ee110f-7f2d-4ced-9788-02dabe04f61b','contact','Contact','<p>Got a word for us? We would like to hear from it!</p><p>Twitter:&nbsp;<a href=\"https://twitter.com/fullstack_world\" target=\"_blank\">@fullstack_world</a>&nbsp;?</p><p>Please make a GitHub issue for feature requests:&nbsp;<a href=\"https://github.com/fullstackworld/fullstackworld.com\" target=\"_blank\">https://github.com/fullstackworld/fullstackworld.com</a></p>','{\"meta_description\":\"Contact FullStackWorld.com team!\",\"opengraph_title\":null,\"opengraph_description\":null,\"opengraph_image\":null,\"opengraph_image_width\":null,\"opengraph_image_height\":null,\"twitter_title\":null,\"twitter_description\":null,\"twitter_image\":null}','2019-05-31 12:41:41','2019-05-31 12:44:36'),('a5e4f2a5-b98c-4f2b-9e94-5c5f4d140c5e','terms-of-use','Terms of Use','<p>We are working on it!</p>','{\"meta_description\":null,\"opengraph_title\":null,\"opengraph_description\":null,\"opengraph_image\":null,\"opengraph_image_width\":null,\"opengraph_image_height\":null,\"twitter_title\":null,\"twitter_description\":null,\"twitter_image\":null}','2019-05-31 12:55:33','2019-05-31 12:55:39');
/*!40000 ALTER TABLE `pages` ENABLE KEYS */;
UNLOCK TABLES;

--
-- Dumping data for table `posts`
--

LOCK TABLES `posts` WRITE;
/*!40000 ALTER TABLE `posts` DISABLE KEYS */;
INSERT INTO `posts` VALUES ('037ffe3f-4e2d-4ea9-aa48-a4051cbc67d4','laravel-overriding-package-translation-files','Laravel overriding package translation files','How to override laravel package translation files?','<p>You always have to use many different packages within your application. Sometimes, these packages comes with their own language files.  In case you want those specific things in your own language, then you can override them.</p><h2>Override package translations in laravel</h2><p>Instead of changing package\'s core files you can change them you may override them by placing files in resources <code>/lang/vendor/{package}/{locale}</code> directory.</p><p>For example, if you have to override the English translation strings in <code>validation.php</code> for a package named <code>laravel/nova</code>, you should place a language file at: resources <code>/lang/vendor/nova/en/validation.php</code>. Within this file, you should only define the translation strings you wish to override. Any translation strings you don\'t override will still be loaded from the package\'s original language files.</p>',1,'2019-05-02 12:23:00','https://fullstackworld.com/storage/images/Drc4B0xm0jaO3gtHVzXGQaT5lJ7pRhW0WcGttKl5.png','','2aa04e3a-eb4a-404b-b237-207758950705','2019-05-02 10:23:42','2019-05-19 04:39:19','{\"meta_description\":\"Override laravel package translations files within my application. Laravel translations & package usage.\",\"opengraph_title\":null,\"opengraph_description\":null,\"opengraph_image\":null,\"opengraph_image_width\":null,\"opengraph_image_height\":null,\"twitter_title\":null,\"twitter_description\":null,\"twitter_image\":null}'),('0a322f34-5a25-4996-a7e3-7013da1c8ae0','vuejs-components-for-detecting-and-decoding-qr-codes','Vue.js components for detecting and decoding QR codes','Decode QR-code in your VueJs application.','<p>A set of Vue.js components, allowing you to detect and decode QR codes, without leaving the browser.</p><ul><li><code>QrcodeStream</code> accesses the device camera and continuously scans incoming frames.</li><li><code>QrcodeDropZone</code> renders to an empty region where you can drag-and-drop images to be decoded.</li><li><code>QrcodeCapture</code> is a classic file upload field, instantly scanning all files you select.</li></ul><p>All components are responsive. Beyond that, close to zero styling. Make them fit your layout. Usage is simple and straightforward:</p><pre class=\"ql-syntax\" spellcheck=\"false\">&lt;qrcode-stream @<span class=\"hljs-keyword\">decode</span>=\"<span class=\"hljs-keyword\">onDecode</span>\"&gt;&lt;/<span class=\"hljs-keyword\">qrcode</span>-<span class=\"hljs-keyword\">stream</span>&gt;\n</pre><p>Get decoded string.</p><pre class=\"ql-syntax\" spellcheck=\"false\"><span class=\"hljs-attr\">methods</span>: <span class=\"hljs-string\">{</span>\n  <span class=\"hljs-attr\">onDecode</span> <span class=\"hljs-string\">(decodedString) {</span>\n    <span class=\"hljs-meta\">//</span> <span class=\"hljs-string\">...</span>\n  <span class=\"hljs-attr\">}</span>\n<span class=\"hljs-attr\">}</span>\n</pre><div class=\"embedded_image\" contenteditable=\"false\" data-layout=\"default\"><img alt=\"\" src=\"https://fullstackworld.com/storage/images/nyWNeKiowpA27xKmMofdJamSoBHkHwOkVy7LUYtk.png\"></div><p><br></p><p><a href=\"https://github.com/gruhn/vue-qrcode-reader#installation-package\" target=\"_blank\">Here</a> is the installation guide for this package.</p><p><br></p>',1,'2019-04-13 19:22:00','https://fullstackworld.com/storage/images/UL8ojQAm8dUqkUdtFTSNqwnLSc9NIZRi4UQIOdym.png','','2aa04e3a-eb4a-404b-b237-207758950705','2019-04-14 17:24:32','2019-04-14 17:36:20','{\"meta_description\":\"Decode QR-code in your VueJs application. Vuejs decode QR-code.\",\"opengraph_title\":null,\"opengraph_description\":null,\"opengraph_image\":null,\"opengraph_image_width\":null,\"opengraph_image_height\":null,\"twitter_title\":null,\"twitter_description\":null,\"twitter_image\":null}'),('1a49a33b-a0c2-49a5-93e5-1fa16aafdd4b','laravel-permissioning-system-role-based-access-control-in-laravel','Laravel permissioning system(Role based access control)','Role-based ACL in Laravel. Full-featured permissions system in laravel.','<p>Using ACL is a much common requirement for almost every project ranging from few users to big CRM\'s.</p><p>Laravel has multiple options for using ACL for your project or website. </p><p>Spatie has a nice &amp; simple <a href=\"https://github.com/spatie/laravel-permission\" target=\"_blank\">package</a> for role based ACL which works with your existing user model. This package allows you to manage user permissions and roles in a database.</p><p>Once installed you can do stuff like this:</p><pre class=\"ql-syntax\" spellcheck=\"false\"><span class=\"hljs-comment\">// Adding permissions to a user</span>\n$user-&gt;givePermissionTo(<span class=\"hljs-string\">\'edit articles\'</span>);\n\n<span class=\"hljs-comment\">// Adding permissions via a role</span>\n$user-&gt;assignRole(<span class=\"hljs-string\">\'writer\'</span>);\n</pre><p>If you\'re using multiple guards, every guard will have its own set of permissions and roles that can be assigned to the guard\'s users. You can even this package with <a href=\"https://github.com/spatie/laravel-permission#laravel\" target=\"_blank\">Laravel</a> &amp; <a href=\"https://github.com/spatie/laravel-permission#lumen\" target=\"_blank\">Lumen</a>.</p><p>Because all permissions will be registered on <a href=\"https://laravel.com/docs/5.5/authorization\" target=\"_blank\">Laravel\'s gate</a>, you can check if a user has a permission with Laravel\'s default can function:</p><p>Here are some examples how we can use it :</p><pre class=\"ql-syntax\" spellcheck=\"false\"><span class=\"hljs-comment\">// You may also pass an array</span>\n$user-&gt;givePermissionTo([<span class=\"hljs-string\">\'edit articles\'</span>, <span class=\"hljs-string\">\'delete articles\'</span>]);\n\n$user-&gt;revokePermissionTo(<span class=\"hljs-string\">\'edit articles\'</span>);\n\n$user-&gt;syncPermissions([<span class=\"hljs-string\">\'edit articles\'</span>, <span class=\"hljs-string\">\'delete articles\'</span>]);\n\n$user-&gt;hasPermissionTo(<span class=\"hljs-string\">\'edit articles\'</span>);\n\n$user-&gt;hasPermissionTo(<span class=\"hljs-string\">\'1\'</span>);\n$user-&gt;hasPermissionTo(Permission::find(<span class=\"hljs-number\">1</span>)-&gt;id);\n$user-&gt;hasPermissionTo($somePermission-&gt;id);\n\n$user-&gt;hasAnyPermission([<span class=\"hljs-string\">\'edit articles\'</span>, <span class=\"hljs-string\">\'publish articles\'</span>, <span class=\"hljs-string\">\'unpublish articles\'</span>]);\n\n</pre><p>There are so many things you can do with with package. Head over &amp; add it to your project. </p>',1,'2019-03-04 18:46:00','https://fullstackworld.com/storage/images/sK6X4EfroS0OhCTGel8d8vLf4nqrBB3pK1XI9IK1.png','','2aa04e3a-eb4a-404b-b237-207758950705','2019-04-14 16:47:52','2019-04-14 17:17:50','{\"meta_description\":\"Full-featured permissioning system in laravel. ACL management with laravel.\",\"opengraph_title\":null,\"opengraph_description\":null,\"opengraph_image\":null,\"opengraph_image_width\":null,\"opengraph_image_height\":null,\"twitter_title\":null,\"twitter_description\":null,\"twitter_image\":null}'),('1dbb0e17-f126-46a1-a6c7-6a99f6fc7614','alasql-an-open-source-sql-database-for-javascript','AlaSQL - an open source SQL database for JavaScript','AlaSQL.js - JavaScript SQL database for browser and Node.js. Handles both traditional relational tables and nested JSON data (NoSQL). Export, store, and import data from localStorage, IndexedDB, or Excel.','<p>Today I came across <a href=\"http://alasql.org/\" target=\"_blank\">AlaSQL</a> from hackernews, I\'ve played around a little bit and seems fascinating to me.  </p><p>AlaSQL is an<span style=\"background-color: rgb(255, 255, 255); color: rgb(36, 41, 46);\"> open source SQL database for JavaScript with a strong focus on query speed and data source flexibility for both relational data and schemaless data. </span></p><p>The most promising thing which I found in this library was:</p><blockquote>The library adds the comfort of a full database engine to your JavaScript app. No, really - it\'s working towards a full database engine complying with <a href=\"https://github.com/agershun/alasql/wiki/Supported-SQL-statements\" target=\"_blank\">most of the SQL-99 language</a>, spiced up with additional syntax for NoSQL (schema-less) data and graph networks.</blockquote><p><span style=\"background-color: rgb(255, 255, 255); color: rgb(36, 41, 46);\">It works in the web browser, Node.js, and mobile apps. Even it can also run in web worker.</span></p><p>There documentation seems a bit immature compare to other standard documentation(I hope they make proper documentation).</p><p>Like each library/package/framework out there on internet AlaSQL also has their limitations but overall it seems much powerful.</p><p>I\'m looking forward to give it a try soon!</p><p>Important links about AlaSQL:</p><ul><li><a href=\"http://alasql.org/\" target=\"_blank\">Website</a></li><li><a href=\"https://github.com/agershun/alasql\" target=\"_blank\">Github</a></li><li><a href=\"https://github.com/agershun/alasql/wiki\" target=\"_blank\">Wiki</a></li></ul>',1,'2019-01-12 21:51:00',NULL,'','2aa04e3a-eb4a-404b-b237-207758950705','2019-01-14 20:51:45','2019-01-14 21:37:30','{\"meta_description\":null,\"opengraph_title\":null,\"opengraph_description\":null,\"opengraph_image\":null,\"opengraph_image_width\":null,\"opengraph_image_height\":null,\"twitter_title\":null,\"twitter_description\":null,\"twitter_image\":null}'),('296e8537-afc9-4182-8577-4c1ea218a97a','what-is-new-in-laravel-5-8-4','What is new in Laravel 5.8.4','Here is what is new in Laravel v5.8.4','<p>The Laravel team released v5.8.4 couple of days back with an HTTP Kernel middleware getter &amp; a new collection <code>join</code>&nbsp;method.</p><h3>How to use <code>getRouteMiddleware</code></h3><p>The HTTP Kernel class has a new <code>getRouteMiddleware()</code> method which could come in handy to ensure that a middleware has been registered:</p><pre class=\"ql-syntax\" spellcheck=\"false\"><span class=\"hljs-comment\">/** <span class=\"hljs-doctag\">@test</span> */</span>\n<span class=\"hljs-keyword\">public</span> <span class=\"hljs-function\"><span class=\"hljs-keyword\">function</span> <span class=\"hljs-title\">it_registers_a_custom_route_middleware</span><span class=\"hljs-params\">()</span>\n</span>{\n    $middlewares = resolve(\\App\\Http\\Kernel::class)-&gt;getRouteMiddleware();\n\n    <span class=\"hljs-keyword\">$this</span>-&gt;assertArrayHasKey(<span class=\"hljs-string\">\'custom\'</span>, $middlewares);\n    <span class=\"hljs-keyword\">$this</span>-&gt;assertEquals(\\App\\Http\\Middleware\\Custom::class, $middlewares[<span class=\"hljs-string\">\'custom\'</span>]);\n}\n</pre><h3>How to use <code>Collect::join()</code>  </h3><p>Then new <code>Collect::join()</code> method to join all items from the collection using a string. The final item can use a separate “glue” string as well:</p><pre class=\"ql-syntax\" spellcheck=\"false\">collect([<span class=\"hljs-string\">\'a\'</span>, <span class=\"hljs-string\">\'b\'</span>, <span class=\"hljs-string\">\'c\'</span>]))-&gt;<span class=\"hljs-keyword\">join</span>(<span class=\"hljs-string\">\', \'</span>)); <span class=\"hljs-comment\">// returns \'a, b, c\' </span>\ncollect([<span class=\"hljs-string\">\'a\'</span>, <span class=\"hljs-string\">\'b\'</span>, <span class=\"hljs-string\">\'c\'</span>]))-&gt;<span class=\"hljs-keyword\">join</span>(<span class=\"hljs-string\">\', \'</span>, <span class=\"hljs-string\">\' and \'</span>)); <span class=\"hljs-comment\">// returns \'a, b and c\' </span>\ncollect([<span class=\"hljs-string\">\'a\'</span>, <span class=\"hljs-string\">\'b\'</span>]))-&gt;<span class=\"hljs-keyword\">join</span>(<span class=\"hljs-string\">\', \'</span>, <span class=\"hljs-string\">\' and \'</span>)); <span class=\"hljs-comment\">// returns \'a and b\' </span>\ncollect([<span class=\"hljs-string\">\'a\'</span>]))-&gt;<span class=\"hljs-keyword\">join</span>(<span class=\"hljs-string\">\', \'</span>, <span class=\"hljs-string\">\' and \'</span>)); <span class=\"hljs-comment\">// returns \'a\' </span>\ncollect([]))-&gt;<span class=\"hljs-keyword\">join</span>(<span class=\"hljs-string\">\', \'</span>, <span class=\"hljs-string\">\' and \'</span>)); <span class=\"hljs-comment\">// returns \'\'</span>\n\n</pre><p>The last new addition is adding Danish-specific characters to the Str class for proper support when the language is da.</p><h2><a href=\"https://github.com/laravel/framework/compare/v5.8.3...v5.8.4\" target=\"_blank\" style=\"color: rgb(3, 102, 214);\">v5.8.4 (2019-03-12)</a></h2><h3>Added</h3><ul><li>Added&nbsp;<code style=\"background-color: rgba(27, 31, 35, 0.05);\">Illuminate\\Support\\Collection::join()</code>&nbsp;method (<a href=\"https://github.com/laravel/framework/pull/27723\" target=\"_blank\" style=\"color: rgb(3, 102, 214);\">#27723</a>)</li><li>Added&nbsp;<code style=\"background-color: rgba(27, 31, 35, 0.05);\">Illuminate\\Foundation\\Http\\Kernel::getRouteMiddleware()</code>&nbsp;method (<a href=\"https://github.com/laravel/framework/pull/27852\" target=\"_blank\" style=\"color: rgb(3, 102, 214);\">#27852</a>)</li><li>Added danish specific transliteration to&nbsp;<code style=\"background-color: rgba(27, 31, 35, 0.05);\">Str</code>&nbsp;class (<a href=\"https://github.com/laravel/framework/pull/27857\" target=\"_blank\" style=\"color: rgb(3, 102, 214);\">#27857</a>)</li></ul><h3>Fixed</h3><ul><li>Fixed JSON boolean queries (<a href=\"https://github.com/laravel/framework/pull/27847\" target=\"_blank\" style=\"color: rgb(3, 102, 214);\">#27847</a>)</li></ul><p>Complete change log is <a href=\"https://github.com/laravel/framework/blob/5.8/CHANGELOG-5.8.md\" target=\"_blank\">here</a>.</p><p><br></p>',1,'2019-03-16 10:52:00','https://fullstackworld.com/storage/images/4XdPKCw5AhtdRl8wsskQQzq1oTcXeE3UW0vkrGac.png','','2aa04e3a-eb4a-404b-b237-207758950705','2019-03-19 09:53:12','2019-03-19 10:16:09','{\"meta_description\":\"What\'s new to laravel 5.8.4. How laravel is improving.  What\'s new to laravel 5.8\",\"opengraph_title\":null,\"opengraph_description\":null,\"opengraph_image\":null,\"opengraph_image_width\":null,\"opengraph_image_height\":null,\"twitter_title\":null,\"twitter_description\":null,\"twitter_image\":null}'),('29ab5c38-d0de-491f-911b-cb40681d8bba','fullstackworld-says-hello-again','Fullstackworld.com says hello again!','New year! New thoughts! New start!','<p>Hello World!</p><p>I\'ve decided to write more content online this year. I intentionally do not wants to publish content on other cloud platform so I rebuild my own personal website. I was busy designing &amp; developing concept of my website last couple of days &amp; here is how it looks now(I think, I\'ll write a post about how I build this website).</p><p>I\'ve many things in my mind to write about but to be honest, as of now I don\'t have crystal clear idea of exactly what kind of content I\'m going to publish and what not. So I did some research &amp; came up with an idea to write proper blogs plus honest thoughts/incidents/events about anything I like to. </p><p>To avoid mixture between proper useful content &amp; any bullshit, I\'ve decided to make sections Blog &amp; Journal. I\'ll write proper posts under blogs section &amp; all other regular stuff under my journal. I know posting journal publically sounds a bit stupid but I\'ll try not to be much personal.</p><p>So here I\'m with the first record on my journal!</p><p><strong>Happy new year!</strong></p><div class=\"embedded_image\" contenteditable=\"false\" data-layout=\"default\"><img alt=\"Photo by <a href=&quot;https://unsplash.com/@nordwood&quot;>NordWood Themes</a> on <a href=&quot;https://unsplash.com&quot;>Unsplash</a>\" src=\"https://images.unsplash.com/photo-1537470284582-8da71000386c?ixlib=rb-1.2.1&amp;q=80&amp;fm=jpg&amp;crop=entropy&amp;cs=tinysrgb&amp;w=1080&amp;fit=max&amp;ixid=eyJhcHBfaWQiOjQ5OTAzfQ\"><p>Photo by <a href=\"https://unsplash.com/@nordwood\">NordWood Themes</a> on <a href=\"https://unsplash.com\">Unsplash</a></p></div><p><br></p><p>P.S. The main reason why I decided to write actively this year is to get more clarity on my thoughts(I thought writing them publically would be a good choice). </p>',1,'2019-01-08 22:27:00',NULL,'','2aa04e3a-eb4a-404b-b237-207758950705','2019-01-07 21:34:04','2019-03-10 12:36:33','{\"meta_description\":null,\"opengraph_title\":null,\"opengraph_description\":null,\"opengraph_image\":null,\"opengraph_image_width\":null,\"opengraph_image_height\":null,\"twitter_title\":null,\"twitter_description\":null,\"twitter_image\":null}'),('32ad3bfb-f416-4daa-91b1-9c4e8b46e41f','php-laravel-develop-a-package-with-local-composer-environment-dependencies','PHP develop your own package with local composer environment','Developing your own PHP composer package locally & integrating local file symlink within your application can speeds up development immensely.','<p>Developing your own PHP composer package locally &amp; integrating local file symlink within your application can speeds up development immensely. It also gives you a platform to test out your package in real application on real time.</p><p>I\'ve learned this workflow by reading out multiple articles online recently. So I thought I\'ll create my own version of it.</p><h2>Basic PHP package setup</h2><p>There are different ways to create your own package with all necessary setup included. There are different boilerplate/skeleton projects for creating packages like <a href=\"https://github.com/spatie/skeleton-php\" target=\"_blank\">Spatie\'s PHP</a> Skeleton or <a href=\"https://github.com/thephpleague/skeleton\" target=\"_blank\">The PHP League</a> Skeleton. Even you can create your own package setup as per your requirements.</p><h3>Package development local directory structure</h3><p>In my case the package I work on multiple applications on the same time &amp; I use my packages in the multiple applications. On my development environment I always use development copy of my package also so I can modify easily when working on any project. Here is how my structure looks like:</p><div class=\"embedded_image\" contenteditable=\"false\" data-layout=\"default\"><img alt=\"PHP Package Development Environment\" src=\"https://fullstackworld.com/storage/images/wxJiFxAdjDK8jwjNMoPfStdw7vJ6NOdllMEZShem.png\"><p>PHP Package Development Environment</p></div><h3>Composer file setup for local package development</h3><p>Your project/application composer file should look something like this:</p><pre class=\"ql-syntax\" spellcheck=\"false\"> {\n    .\n    .\n    <span class=\"hljs-string\">\"require\"</span>: {\n         .\n         .\n         <span class=\"hljs-string\">\"xyz/your-awesome-package\"</span>: <span class=\"hljs-string\">\"*\"</span>,\n    }\n    <span class=\"hljs-string\">\"repositories\"</span>: {\n         <span class=\"hljs-string\">\"whatever\"</span>: {\n             <span class=\"hljs-string\">\"type\"</span>: <span class=\"hljs-string\">\"path\"</span>,\n             <span class=\"hljs-string\">\"url\"</span>: <span class=\"hljs-string\">\"../packages/your-awesome-package\"</span>\n         }\n    }\n}﻿\n</pre><p>This setup helps me really speed up my package development &amp; usage on the application.</p>',1,'2019-04-17 18:16:00','https://fullstackworld.com/storage/images/vCcyzEwqshFFhJFQuHEqF1K2212EVI6kEubJ59D5.png','','2aa04e3a-eb4a-404b-b237-207758950705','2019-04-18 16:16:45','2019-04-25 18:41:40','{\"meta_description\":\"Developing your own PHP composer package locally & integrating local file symlink within your application can speeds up development immensely.\",\"opengraph_title\":null,\"opengraph_description\":null,\"opengraph_image\":null,\"opengraph_image_width\":null,\"opengraph_image_height\":null,\"twitter_title\":null,\"twitter_description\":null,\"twitter_image\":null}'),('35a12601-936d-4fdc-9606-012808e0df96','pure-css-solution-for-embed-youtube-videos-with-an-aspect-ratio-of-16-9','Pure CSS solution to embed responsive youtube videos on web pages','Embed responsive youtube videos on your website with pure CSS','<p>Here is a quick solution for how to add youtube video on your website:</p><p><em><u>HTML Code</u></em>:</p><pre class=\"ql-syntax\" spellcheck=\"false\"><span class=\"hljs-tag\">&lt;<span class=\"hljs-name\">div</span> <span class=\"hljs-attr\">class</span>=<span class=\"hljs-string\">\"video-container\"</span>&gt;</span> \n    <span class=\"hljs-tag\">&lt;<span class=\"hljs-name\">iframe</span> <span class=\"hljs-attr\">width</span>=<span class=\"hljs-string\">\"640\"</span> <span class=\"hljs-attr\">height</span>=<span class=\"hljs-string\">\"360\"</span> <span class=\"hljs-attr\">src</span>=<span class=\"hljs-string\">\"//www.youtube.com/embed/ukKd8W3Bvo0\"</span> <span class=\"hljs-attr\">frameborder</span>=<span class=\"hljs-string\">\"0\"</span> <span class=\"hljs-attr\">allowfullscreen</span>&gt;&lt;/<span class=\"hljs-name\">iframe</span>&gt;</span>\n<span class=\"hljs-tag\">&lt;/<span class=\"hljs-name\">div</span>&gt;</span>\n</pre><p><em><u>CSS Code</u></em>:</p><pre class=\"ql-syntax\" spellcheck=\"false\">.video-container {\n    <span class=\"hljs-attribute\">position</span>: relative;\n    <span class=\"hljs-attribute\">padding-bottom</span>: <span class=\"hljs-number\">56.25%</span>; <span class=\"hljs-comment\">/*16:9*/</span>  \n    <span class=\"hljs-attribute\">padding-top</span>: <span class=\"hljs-number\">30px</span>;\n    <span class=\"hljs-attribute\">height</span>: <span class=\"hljs-number\">0</span>;\n    <span class=\"hljs-attribute\">overflow</span>: hidden;\n}\n.video-container iframe,\n.video-container object,\n.video-container embed {\n    <span class=\"hljs-attribute\">position</span>: absolute;\n    <span class=\"hljs-attribute\">top</span>: <span class=\"hljs-number\">0</span>;\n    <span class=\"hljs-attribute\">left</span>: <span class=\"hljs-number\">0</span>;\n    <span class=\"hljs-attribute\">width</span>: <span class=\"hljs-number\">100%</span>;\n    <span class=\"hljs-attribute\">height</span>: <span class=\"hljs-number\">100%</span>;\n}\n</pre>',1,'2019-01-09 20:59:00',NULL,'','2aa04e3a-eb4a-404b-b237-207758950705','2019-01-14 19:59:28','2019-01-14 21:22:39','{\"meta_description\":null,\"opengraph_title\":null,\"opengraph_description\":null,\"opengraph_image\":null,\"opengraph_image_width\":null,\"opengraph_image_height\":null,\"twitter_title\":null,\"twitter_description\":null,\"twitter_image\":null}'),('3918fbab-8253-4024-ab19-8382c5dee63e','how-to-use-ract-with-laravel','Use ReactJS with your Laravel application','The standard way to start using React with your laravel application.','<p>As we already know, Laravel does not require you to use a specific JavaScript framework or library to build your applications. In fact, you don\'t have to use JavaScript at all. However, Laravel does include some basic scaffolding to make it easier to get started writing modern JavaScript using the <a href=\"https://vuejs.org/\" target=\"_blank\">Vue</a> library. Vue provides an expressive API for building robust JavaScript applications using components. As with CSS, we may use Laravel Mix to easily compile JavaScript components into a single, browser-ready JavaScript file.</p><h2>Laravel remove default frontend scaffolding</h2><p>If you would like to remove the frontend scaffolding from your application, you may use the <code>preset</code> Artisan command. This command, when combined with the <code>none</code> option, will remove the Bootstrap and Vue scaffolding from your application, leaving only a blank SASS file and a few common JavaScript utility libraries:</p><pre class=\"ql-syntax\" spellcheck=\"false\"><span class=\"hljs-attribute\">php</span> artisan preset <span class=\"hljs-literal\">none</span>\n</pre><h2>Use ReactJS with your Laravel</h2><p>As <a href=\"https://laravel.com/docs/5.8/frontend#using-react\" target=\"_blank\">official document</a> says, if you prefer to use React to build your JavaScript application, Laravel makes it a cinch to swap the Vue scaffolding with React scaffolding. On any fresh Laravel application, you may use the preset command with the react option:</p><pre class=\"ql-syntax\" spellcheck=\"false\"><span class=\"hljs-attribute\">php</span> artisan preset react\n</pre><p>This single command will remove the Vue scaffolding and replace it with React scaffolding, including an example component.</p><p>Now, instead of an <code>Example.vue</code> component, your application will contain an <code>Example.js</code> React component:</p><pre class=\"ql-syntax\" spellcheck=\"false\"><span class=\"hljs-keyword\">import</span> React, { Component } <span class=\"hljs-keyword\">from</span> <span class=\"hljs-string\">\'react\'</span>;\n	<span class=\"hljs-keyword\">import</span> ReactDOM <span class=\"hljs-keyword\">from</span> <span class=\"hljs-string\">\'react-dom\'</span>;\n	\n\n	<span class=\"hljs-keyword\">export</span> <span class=\"hljs-keyword\">default</span> <span class=\"hljs-class\"><span class=\"hljs-keyword\">class</span> <span class=\"hljs-title\">Example</span> <span class=\"hljs-keyword\">extends</span> <span class=\"hljs-title\">Component</span> </span>{\n	    render() {\n	        <span class=\"hljs-keyword\">return</span> (\n	            <span class=\"hljs-tag\">&lt;<span class=\"hljs-name\">div</span> <span class=\"hljs-attr\">className</span>=<span class=\"hljs-string\">\"container\"</span>&gt;</span>\n	                <span class=\"hljs-tag\">&lt;<span class=\"hljs-name\">div</span> <span class=\"hljs-attr\">className</span>=<span class=\"hljs-string\">\"row\"</span>&gt;</span>\n	                    <span class=\"hljs-tag\">&lt;<span class=\"hljs-name\">div</span> <span class=\"hljs-attr\">className</span>=<span class=\"hljs-string\">\"col-md-8 col-md-offset-2\"</span>&gt;</span>\n	                        <span class=\"hljs-tag\">&lt;<span class=\"hljs-name\">div</span> <span class=\"hljs-attr\">className</span>=<span class=\"hljs-string\">\"panel panel-default\"</span>&gt;</span>\n	                            <span class=\"hljs-tag\">&lt;<span class=\"hljs-name\">div</span> <span class=\"hljs-attr\">className</span>=<span class=\"hljs-string\">\"panel-heading\"</span>&gt;</span>Example Component<span class=\"hljs-tag\">&lt;/<span class=\"hljs-name\">div</span>&gt;</span>\n	\n\n	                            <span class=\"hljs-tag\">&lt;<span class=\"hljs-name\">div</span> <span class=\"hljs-attr\">className</span>=<span class=\"hljs-string\">\"panel-body\"</span>&gt;</span>\n	                                I\'m an example component!\n	                            <span class=\"hljs-tag\">&lt;/<span class=\"hljs-name\">div</span>&gt;</span>\n	                        <span class=\"hljs-tag\">&lt;/<span class=\"hljs-name\">div</span>&gt;</span>\n	                    <span class=\"hljs-tag\">&lt;/<span class=\"hljs-name\">div</span>&gt;</span>\n	                <span class=\"hljs-tag\">&lt;/<span class=\"hljs-name\">div</span>&gt;</span>\n	            <span class=\"hljs-tag\">&lt;/<span class=\"hljs-name\">div</span>&gt;</span>\n	        );\n	    }\n	}\n	\n\n	<span class=\"hljs-keyword\">if</span> (<span class=\"hljs-built_in\">document</span>.getElementById(<span class=\"hljs-string\">\'example\'</span>)) {\n	    ReactDOM.render(<span class=\"hljs-tag\">&lt;<span class=\"hljs-name\">Example</span> /&gt;</span>, document.getElementById(\'example\'));\n	}\n\n</pre><p>It\'s as simple as that! We are wishing you happy reacting with Laravel!</p>',1,'2019-05-05 12:21:00','https://fullstackworld.com/storage/images/byqqiAB4qtaFQaHSVvkSQu2c3JvpRNn1JBfO6tdn.png','','2aa04e3a-eb4a-404b-b237-207758950705','2019-05-02 10:21:31','2019-05-21 04:49:05','{\"meta_description\":null,\"opengraph_title\":null,\"opengraph_description\":null,\"opengraph_image\":null,\"opengraph_image_width\":null,\"opengraph_image_height\":null,\"twitter_title\":null,\"twitter_description\":null,\"twitter_image\":null}'),('3ae99219-a2c7-4f31-9e74-81a1e56c2583','this-how-my-development-environment-looks-like','This how my development environment looks like','I\'ve seen this question popping out many times in the development community that how should be the best development environment look like?','<p>I\'ve seen this question popping out many times in the development community that how should be the best development environment looks like? </p><p>Well, your development environment setup is important because I think your development environment in general has a good amount of impact on your productivity.</p><p>In my experience, development environment varies from company to company &amp; person to person because choices and reasons are always different. For example, at my office work station, I\'ve Ubuntu to use whereas for my personal work station I\'ve Macbook.</p><p>I\'ve really a minimal setup with only useful software. Details which I\'m going to mention about are from my personal workstation.</p><h2>Hardware:</h2><ul><li><strong>RAM</strong>: ~16GB</li><li><strong>Processor</strong>: i5(at least, because it has quad core &amp; Turbo Boost)</li><li><strong>Memory</strong>: 256GB(Can work with 128GB but better is nicer)</li><li><strong>Monitor</strong>: 27\" Full HD (If single monitor, you can get a bit bigger)</li></ul><h2>Softwares:</h2><ul><li><strong>VS Code:</strong> Editor for JS &amp; frontend things(Theme: Solarized dark)</li><li><strong>PHPStorm:</strong> Editor for PHP &amp; Laravel development (Theme: Dracula)</li><li><strong>Docker</strong></li><li><strong>Homestead </strong>for Laravel related projects</li><li><strong>Sequel Pro:</strong> Mysql client </li><li><strong>Table Plus:</strong> PgSQL &amp; all other DB client</li><li><strong>iTerm2</strong></li><li><strong>ohmyzsh:</strong> zsh config</li><li><strong>Figma: </strong>Design related stuff</li><li><strong>Web maker: </strong>Chrome extension for web experiments</li></ul><p>There are some other softwares which are not related to development but are good to have like:</p><ul><li>Calendar</li><li>Notion.so:<strong> </strong>Note taking app which is better than evernote</li><li>Mail Client</li><li>Slack</li><li>Spotify</li></ul>',1,'2019-03-08 09:58:00','https://images.unsplash.com/photo-1507470855518-469f3b3dad25?ixlib=rb-1.2.1&q=80&fm=jpg&crop=entropy&cs=tinysrgb&w=1080&fit=max&ixid=eyJhcHBfaWQiOjQ5OTAzfQ','Photo by <a href=\"https://unsplash.com/@calypso999\">Raul Varzar</a> on <a href=\"https://unsplash.com\">Unsplash</a>','2aa04e3a-eb4a-404b-b237-207758950705','2019-03-01 10:59:25','2019-03-13 18:10:20','{\"meta_description\":\"This is how my development environment looks like. Development environment has a good amount of impact on your productivity.\",\"opengraph_title\":\"This is how my development environment looks like.\",\"opengraph_description\":\"Development environment has a good amount of impact on your productivity.\",\"opengraph_image\":\"https://images.unsplash.com/photo-1507470855518-469f3b3dad25?ixlib=rb-1.2.1&q=80&fm=jpg&crop=entropy&cs=tinysrgb&w=1080&fit=max&ixid=eyJhcHBfaWQiOjQ5OTAzfQ\",\"opengraph_image_width\":1080,\"opengraph_image_height\":693,\"twitter_title\":\"This is how my development environment looks like.\",\"twitter_description\":\"Development environment has a good amount of impact on your productivity.\",\"twitter_image\":\"https://images.unsplash.com/photo-1507470855518-469f3b3dad25?ixlib=rb-1.2.1&q=80&fm=jpg&crop=entropy&cs=tinysrgb&w=1080&fit=max&ixid=eyJhcHBfaWQiOjQ5OTAzfQ\"}'),('3b2c0e09-0808-4238-b914-47d4076d74bb','laravel-scoute','Laravel Scout: Standard way to use algolia search with your Laravel application','','<p>During software development we often needs to implement search functionality. Some times you require to implement simple search in the specific dataset or sometimes its more complex search with huge/multiple datasets with pattern &amp; text search.</p><p><br></p><p><a href=\"https://laravel.com/docs/master/scout#installation\" target=\"_blank\">https://laravel.com/docs/master/scout#installation</a></p>',0,'2019-04-27 18:02:00',NULL,'','2aa04e3a-eb4a-404b-b237-207758950705','2019-04-27 16:02:26','2019-05-09 12:11:06','{\"meta_description\":null,\"opengraph_title\":null,\"opengraph_description\":null,\"opengraph_image\":null,\"opengraph_image_width\":null,\"opengraph_image_height\":null,\"twitter_title\":null,\"twitter_description\":null,\"twitter_image\":null}'),('472fdc8b-f93e-46b5-8449-484c96c32144','angular6-ng-select-lightweight-all-in-one-ui-select-multiselect-and-autocomplete','Angular6 ng-select - Lightweight all in one UI Select, Multiselect and Autocomplete','','<h2><a href=\"https://github.com/ng-select/ng-select\" target=\"_blank\">ng-select</a></h2><p><a href=\"https://github.com/ng-select/ng-select\" target=\"_blank\">ng-select</a> is the package for using multi-select within angular component. This package works great angular <code>v5.x</code> &amp; <code>v6.x</code></p><p>This package is very well <a href=\"https://ng-select.github.io/ng-select#/data-sources\" target=\"_blank\">documented</a> here. </p><h2>Installation &amp; Usage</h2><p>Install <code>ng-select</code>:</p><pre class=\"ql-syntax\" spellcheck=\"false\">npm install --save @<span class=\"hljs-keyword\">ng</span>-<span class=\"hljs-keyword\">select</span>/<span class=\"hljs-keyword\">ng</span>-<span class=\"hljs-keyword\">select</span>\n</pre><p>Import the NgSelectModule and angular FormsModule module:</p><pre class=\"ql-syntax\" spellcheck=\"false\"><span class=\"hljs-keyword\">import</span> { NgSelectModule } <span class=\"hljs-keyword\">from</span> <span class=\"hljs-string\">\'@ng-select/ng-select\'</span>;\n<span class=\"hljs-keyword\">import</span> { FormsModule } <span class=\"hljs-keyword\">from</span> <span class=\"hljs-string\">\'@angular/forms\'</span>;\n\n@NgModule({\n  declarations: [AppComponent],\n  imports: [NgSelectModule, FormsModule],\n  bootstrap: [AppComponent]\n})\n<span class=\"hljs-keyword\">export</span> <span class=\"hljs-class\"><span class=\"hljs-keyword\">class</span> <span class=\"hljs-title\">AppModule</span> {}</span>\n</pre><h3>Include a theme:</h3><p>To allow customization and theming, <code>ng-select</code>&nbsp;&nbsp;bundle includes only generic styles that are necessary for correct layout and positioning. To get full look of the control, include one of the themes in your application. If you\'re using the Angular CLI, you can add this to your <code>styles.scss</code>&nbsp;&nbsp;or include it in <code>.angular-cli.json</code>&nbsp;&nbsp;(Angular v5 and below) or <code>angular.json</code>&nbsp;(Angular v6 onwards).</p><pre class=\"ql-syntax\" spellcheck=\"false\">@import <span class=\"hljs-string\">\"~@ng-select/ng-select/themes/default.theme.css\"</span>;\n<span class=\"hljs-regexp\">//</span> ... <span class=\"hljs-keyword\">or</span> \n@import <span class=\"hljs-string\">\"~@ng-select/ng-select/themes/material.theme.css\"</span>;\n</pre><h2>Features</h2><ul><li>&nbsp;Custom binding to property or object</li><li>&nbsp;Custom option, label, header and footer templates</li><li>&nbsp;Virtual Scroll support with large data sets (&gt;5000 items).</li><li>&nbsp;Infinite scroll</li><li>&nbsp;Keyboard navigation</li><li>&nbsp;Multiselect</li><li>&nbsp;Flexible autocomplete with client/server filtering</li><li>&nbsp;Custom search</li><li>&nbsp;Custom tags</li><li>&nbsp;Append to</li><li>&nbsp;Group items</li><li>&nbsp;Output events</li><li>&nbsp;Accessibility</li><li>&nbsp;Good base functionality test coverage</li><li>&nbsp;Themes</li></ul><h2>Demo</h2><p><a href=\"https://stackblitz.com/edit/ng-select?file=app%2Fapp.component.ts\" target=\"_blank\">Here</a> is the demo link different types of select boxes.</p><div class=\"inline_html\" contenteditable=\"false\"><div class=\"inline_html\" contenteditable=\"false\"><iframe width=\"560\" height=\"315\" src=\"https://stackblitz.com/edit/ng-select?embed=1&amp;file=app/app.component.ts&amp;hideExplorer=1&amp;hideNavigation=1&amp;view=preview\" frameborder=\"0\" allow=\"accelerometer; autoplay; encrypted-media; gyroscope; picture-in-picture\" allowfullscreen=\"\"></iframe></div></div><p><br></p>',1,'2019-04-07 15:59:00','https://fullstackworld.com/storage/images/SeJo3tGXt2kkQT0vFAr3osvuHklFZQAmxoGe3Rqf.png','','2aa04e3a-eb4a-404b-b237-207758950705','2019-04-12 14:02:18','2019-04-12 14:41:00','{\"meta_description\":\"ng-select is the package for using multi-select within angular component. This package works great angular v5.x & v6.x Multiselect in angular. Multiselect dropdown.\",\"opengraph_title\":null,\"opengraph_description\":null,\"opengraph_image\":null,\"opengraph_image_width\":null,\"opengraph_image_height\":null,\"twitter_title\":null,\"twitter_description\":null,\"twitter_image\":null}'),('486814df-c664-4933-b5d3-d137d88c06ff','vuejs-router','Vuejs Router','vue-router is the official router package for vue.js which makes single page application(SPA) with vue.js a breeze.','<p><a href=\"https://router.vuejs.org/\" target=\"_blank\">vue-router</a> is the official router package for <a href=\"https://vuejs.org/\" target=\"_blank\">vue.js</a>. It deeply integrates with the vue.js to easily make single page application(SPA).</p><p>Features include:</p><ul><li>Nested route/view mapping</li><li>Modular, component-based router configuration</li><li>Route params, query, wildcards</li><li>View transition effects powered by Vue.js\' transition system</li><li>Fine-grained navigation control</li><li>Links with automatic active CSS classes</li><li>HTML5 history mode or hash mode, with auto-fallback in IE9</li><li>Customizable Scroll Behavior</li></ul><p>Creating a Single-page Application with Vue + Vue Router is dead simple. With Vue.js, we are already composing our application with components. When adding Vue Router to the mix, all we need to do is map our components to the routes and let Vue Router know where to render them. Here\'s a basic example:</p><h3>HTML for router component:</h3><pre class=\"ql-syntax\" spellcheck=\"false\"><span class=\"hljs-section\">&lt;router-view&gt;&lt;/router-view&gt;</span>\n</pre><h3>JavaScript code:</h3><pre class=\"ql-syntax\" spellcheck=\"false\"><span class=\"hljs-comment\">// 0. If using a module system (e.g. via vue-cli), import Vue and VueRouter</span>\n<span class=\"hljs-comment\">// and then call `Vue.use(VueRouter)`.</span>\n\n<span class=\"hljs-comment\">// 1. Define route components.</span>\n<span class=\"hljs-comment\">// These can be imported from other files</span>\n<span class=\"hljs-keyword\">const</span> Foo = { template: <span class=\"hljs-string\">\'&lt;div&gt;foo&lt;/div&gt;\'</span> }\n<span class=\"hljs-keyword\">const</span> Bar = { template: <span class=\"hljs-string\">\'&lt;div&gt;bar&lt;/div&gt;\'</span> }\n\n<span class=\"hljs-comment\">// 2. Define some routes</span>\n<span class=\"hljs-comment\">// Each route should map to a component. The \"component\" can</span>\n<span class=\"hljs-comment\">// either be an actual component constructor created via</span>\n<span class=\"hljs-comment\">// `Vue.extend()`, or just a component options object.</span>\n<span class=\"hljs-comment\">// We\'ll talk about nested routes later.</span>\n<span class=\"hljs-keyword\">const</span> routes = [\n  { path: <span class=\"hljs-string\">\'/foo\'</span>, component: Foo },\n  { path: <span class=\"hljs-string\">\'/bar\'</span>, component: Bar }\n]\n\n<span class=\"hljs-comment\">// 3. Create the router instance and pass the `routes` option</span>\n<span class=\"hljs-comment\">// You can pass in additional options here, but let\'s</span>\n<span class=\"hljs-comment\">// keep it simple for now.</span>\n<span class=\"hljs-keyword\">const</span> router = <span class=\"hljs-keyword\">new</span> VueRouter({\n  routes <span class=\"hljs-comment\">// short for `routes: routes`</span>\n})\n\n<span class=\"hljs-comment\">// 4. Create and mount the root instance.</span>\n<span class=\"hljs-comment\">// Make sure to inject the router with the router option to make the</span>\n<span class=\"hljs-comment\">// whole app router-aware.</span>\n<span class=\"hljs-keyword\">const</span> app = <span class=\"hljs-keyword\">new</span> Vue({\n  router\n}).$mount(<span class=\"hljs-string\">\'#app\'</span>)\n\n<span class=\"hljs-comment\">// Now the app has started!</span>\n</pre><p>Since we have injected the router now we have access to router throughout the application like <code>this.$router</code> </p><p><a href=\"https://router.vuejs.org/\" target=\"_blank\">Here</a> is the complete documentation about everything related to <code>vue-router</code>.</p>',1,'2019-03-29 08:12:00','https://fullstackworld.com/storage/images/QTMy1ZHVDNDnt1fwGsXVre10y6NEX5yoGa1ArzqX.png','Vue Router','2aa04e3a-eb4a-404b-b237-207758950705','2019-04-03 06:13:01','2019-04-03 06:35:41','{\"meta_description\":\"vue-router is the official router package for vue.js which make single page application(SPA) breeze. vue-router is the only elegant way of handling routing in vue.js\",\"opengraph_title\":null,\"opengraph_description\":null,\"opengraph_image\":null,\"opengraph_image_width\":null,\"opengraph_image_height\":null,\"twitter_title\":null,\"twitter_description\":null,\"twitter_image\":null}'),('58f7ab84-0c72-43c9-a976-d143a0eae8b3','how-habits-work-what-impact-does-habits-have-on-our-lives','What impact does habits have on our lives?','The key to exercising regularly, losing weight, raising exceptional children, becoming more productive, building revolutionary companies and social movements, and achieving success is understanding how habits work.','<p>This is an attempt to narrate my thoughts about habits &amp; its importance on the lives. I know the topic itself is really vast &amp; deep but I\'ll try to keep it short.</p><p>I believe every living entity(mainly moving) has so many different habits, weather they are natural or developed explicitly. Since humans can think &amp; control thoughts better than other entities so let\'s just talk about us. Our life is a superset of habits like exercising regularly, losing weight, smoking, reading, watching series, playing your favorite game.</p><h3>Every smallest action is a result of some habit which may be bad or good.</h3><p>Right habits are really crucial to achieve great success in desired area. Implementing so-called keystone habits can earn billions and mean the difference between failure and success, life and death. Habit isn\'t a destiny but its a way to reach the destiny.</p><p>Currently I\'m listening to an audio book called <a href=\"https://www.audible.in/pd/The-Power-of-Habit-Audiobook/B079WTVXTK?qid=1550850451&amp;sr=1-1&amp;ref=a_search_c3_lProduct_1_1&amp;pf_rd_p=2d02bc98-4366-4f94-99d9-5e898cda0766&amp;pf_rd_r=1V63XZPP731KCQ1GH23X&amp;\" target=\"_blank\">The Power of Habit</a>. This book is really a powerhouse if you wants to understand science behind how brain works with habits. It gives great insights with real life examples &amp; experiments.</p><p>At its core, The Power of Habit contains an exhilarating argument: The key to exercising regularly, losing weight, raising exceptional children, becoming more productive, building revolutionary companies and social movements, and achieving success is understanding how habits work.</p><p>I have a strong belief that if you succeed in building right habits you can achieve greatest things. I\'m going to get more information about how we can develop habits &amp; will write more about it then. </p>',1,'2019-02-28 19:48:00','https://images.unsplash.com/photo-1517953292581-18147a5156e1?ixlib=rb-1.2.1&q=80&fm=jpg&crop=entropy&cs=tinysrgb&w=1080&fit=max&ixid=eyJhcHBfaWQiOjQ5OTAzfQ','Photo by <a href=\"https://unsplash.com/@sharonmccutcheon\">Sharon McCutcheon</a> on <a href=\"https://unsplash.com\">Unsplash</a>','2aa04e3a-eb4a-404b-b237-207758950705','2019-02-28 18:50:25','2019-03-13 18:24:52','{\"meta_description\":\"Kind of impact habits can make on our lives is surprising. It is best explained with multiple scientific examples in the book called, The Power of Habits. How do habits work? What\'s the impact does habits has on our lives?\",\"opengraph_title\":\"How Habits Work? What\'s the impact does habits has on our lives?\",\"opengraph_description\":\"Kind of impact habits can have on our lives is surprising.\",\"opengraph_image\":\"https://images.unsplash.com/photo-1517953292581-18147a5156e1?ixlib=rb-1.2.1&q=80&fm=jpg&crop=entropy&cs=tinysrgb&w=1080&fit=max&ixid=eyJhcHBfaWQiOjQ5OTAzfQ\",\"opengraph_image_width\":1080,\"opengraph_image_height\":720,\"twitter_title\":\"How Habits Work? What\'s the impact does habits has on our lives?\",\"twitter_description\":\"Kind of impact habits can have on our lives is surprising.\",\"twitter_image\":\"https://images.unsplash.com/photo-1517953292581-18147a5156e1?ixlib=rb-1.2.1&q=80&fm=jpg&crop=entropy&cs=tinysrgb&w=1080&fit=max&ixid=eyJhcHBfaWQiOjQ5OTAzfQ\"}'),('5d73621b-d923-4990-a118-1417554354dd','laracononline-2019-today','LaraconOnline 2019 Today','Today is LaraconOnline day, I\'ve taken pretty much a day off to attend this conference.','<p>I\'m pretty much excited today join <a href=\"https://laracon.net\" target=\"_blank\">LaraconOnline-2019</a>. My experience with Laravel ecosystem is really fascinating so far. The amount of different tools/services/packages it has is always just awesome.</p><p>About LaraconOnline today, looking forward to see all big names from the community speaking about some cool stuff. <a href=\"https://laracon.net/#the-schedule\" target=\"_blank\">Here</a> is the full schedule about the conference.</p>',1,'2019-03-06 11:45:00',NULL,'','2aa04e3a-eb4a-404b-b237-207758950705','2019-03-06 16:45:24','2019-03-06 16:55:21','{\"meta_description\":\"LaraconOnline-2019 is going to be my plan today.\",\"opengraph_title\":null,\"opengraph_description\":null,\"opengraph_image\":null,\"opengraph_image_width\":null,\"opengraph_image_height\":null,\"twitter_title\":null,\"twitter_description\":null,\"twitter_image\":null}'),('63136482-acbc-4b06-a7ce-e6e5cbbfc404','a-fancy-vuejs-time-picker','A fancy VueJs time picker','Vuejs time picker with material design theme.','<p>In order to build awesome user experience you may get asked to use fancy time picker at some point.  There is already a nice vue-package who does it.</p><p><a href=\"https://github.com/domonji/vue-clock-picker\" target=\"_blank\">Here</a> you can find vuejs time picker. At the moment the theme for this time picker is material theme &amp; you can\'t officially customize how it looks.</p><h3><a href=\"https://domon.me/vue-clock-picker/\" target=\"_blank\">Live</a> demo for Vuejs clock picker.</h3><h2>Install</h2><p>Here is how you can install it:</p><pre class=\"ql-syntax\" spellcheck=\"false\"><span class=\"hljs-built_in\">npm</span> install vue-clock-picke\n</pre><h2>Add vuejs time picker in your application</h2><p>This is how your code should look like in order to add time picker.</p><pre class=\"ql-syntax\" spellcheck=\"false\"><span class=\"hljs-comment\">&lt;!-- in some vue component --&gt;</span>\n<span class=\"hljs-tag\">&lt;<span class=\"hljs-name\">template</span>&gt;</span>\n    <span class=\"hljs-tag\">&lt;<span class=\"hljs-name\">div</span>&gt;</span>\n        <span class=\"hljs-tag\">&lt;<span class=\"hljs-name\">vue-clock-picker</span>\n            <span class=\"hljs-attr\">mode</span>=<span class=\"hljs-string\">\"24\"</span> <span class=\"hljs-attr\">:defaultHour</span>=<span class=\"hljs-string\">\"defaultHour\"</span>\n            <span class=\"hljs-attr\">:defaultMinute</span>=<span class=\"hljs-string\">\"defaultMinute\"</span>\n            <span class=\"hljs-attr\">:onTimeChange</span>=<span class=\"hljs-string\">\"timeChangeHandler\"</span>\n        &gt;</span>\n        <span class=\"hljs-tag\">&lt;/<span class=\"hljs-name\">vue-clock-picker</span>&gt;</span>\n    <span class=\"hljs-tag\">&lt;/<span class=\"hljs-name\">div</span>&gt;</span>\n<span class=\"hljs-tag\">&lt;/<span class=\"hljs-name\">template</span>&gt;</span>\n\n<span class=\"hljs-tag\">&lt;<span class=\"hljs-name\">style</span>&gt;</span>\n<span class=\"hljs-comment\">/*your style*/</span>\n<span class=\"hljs-tag\">&lt;/<span class=\"hljs-name\">style</span>&gt;</span>\n\n<span class=\"hljs-tag\">&lt;<span class=\"hljs-name\">script</span>&gt;</span>\n<span class=\"hljs-keyword\">import</span> VueClockPicker <span class=\"hljs-keyword\">from</span> <span class=\"hljs-string\">\'vue-clock-picker\'</span>\n<span class=\"hljs-keyword\">export</span> <span class=\"hljs-keyword\">default</span> {\n    <span class=\"hljs-attr\">components</span>: {\n        VueClockPicker\n    },\n    data(){\n        <span class=\"hljs-keyword\">return</span> {\n            <span class=\"hljs-attr\">defaultHour</span>:<span class=\"hljs-keyword\">new</span> <span class=\"hljs-built_in\">Date</span>().getHours(),\n            <span class=\"hljs-attr\">defaultMinute</span>:<span class=\"hljs-keyword\">new</span> <span class=\"hljs-built_in\">Date</span>().getMinutes()\n        }\n    },\n    <span class=\"hljs-attr\">methods</span>:{\n        timeChangeHandler(){\n            <span class=\"hljs-comment\">// ...</span>\n        }\n    }\n}\n<span class=\"hljs-tag\">&lt;/<span class=\"hljs-name\">script</span>&gt;</span>\n</pre><h3>Props</h3><ul><li><code style=\"background-color: rgba(27, 31, 35, 0.05);\">defaultHour</code></li><li><code style=\"background-color: rgba(27, 31, 35, 0.05);\">defaultMinute</code></li></ul><p><code style=\"background-color: rgba(27, 31, 35, 0.05);\">String or Number</code></p><pre class=\"ql-syntax\" spellcheck=\"false\"><span class=\"hljs-attr\">defaultHour</span>=<span class=\"hljs-string\">\"12\"</span>\n</pre><ul><li><code style=\"background-color: rgba(27, 31, 35, 0.05);\">defaultFocused</code></li></ul><p><code style=\"background-color: rgba(27, 31, 35, 0.05);\">Boolean</code></p><p>Whether the picker pannel is focused or not when it did mount. Default&nbsp;<code style=\"background-color: rgba(27, 31, 35, 0.05);\">false</code></p><pre class=\"ql-syntax\" spellcheck=\"false\"><span class=\"hljs-attr\">defaultFocused</span>=<span class=\"hljs-string\">\"false\"</span>\n</pre><ul><li><code style=\"background-color: rgba(27, 31, 35, 0.05);\">onFocusChange</code></li></ul><p><code style=\"background-color: rgba(27, 31, 35, 0.05);\">Function</code></p><p>The callback func when component&nbsp;<code style=\"background-color: rgba(27, 31, 35, 0.05);\">focused</code>&nbsp;state is changed.</p><ul><li><code style=\"background-color: rgba(27, 31, 35, 0.05);\">onHourChange</code></li></ul><p><code style=\"background-color: rgba(27, 31, 35, 0.05);\">Function</code></p><p>The callback func when component&nbsp;<code style=\"background-color: rgba(27, 31, 35, 0.05);\">hour</code>&nbsp;state is changed.</p><pre class=\"ql-syntax\" spellcheck=\"false\">onHourChange(hour) {\n  <span class=\"hljs-comment\">// ...</span>\n}\n</pre><ul><li><code style=\"background-color: rgba(27, 31, 35, 0.05);\">onMinuteChange</code></li></ul><p><code style=\"background-color: rgba(27, 31, 35, 0.05);\">Function</code></p><p>The callback func when component&nbsp;<code style=\"background-color: rgba(27, 31, 35, 0.05);\">minute</code>&nbsp;state is changed.</p><pre class=\"ql-syntax\" spellcheck=\"false\">onMinuteChange(minute) {\n  <span class=\"hljs-comment\">// ...</span>\n}\n</pre><ul><li><code style=\"background-color: rgba(27, 31, 35, 0.05);\">onTimeChange</code></li></ul><p><code style=\"background-color: rgba(27, 31, 35, 0.05);\">Function</code></p><p>The callback func when component&nbsp;<code style=\"background-color: rgba(27, 31, 35, 0.05);\">hour</code>&nbsp;or&nbsp;<code style=\"background-color: rgba(27, 31, 35, 0.05);\">minute</code>&nbsp;is changed.</p><pre class=\"ql-syntax\" spellcheck=\"false\">onTimeChange(time) {\n  <span class=\"hljs-keyword\">let</span> { hour, minute } = time\n  <span class=\"hljs-comment\">// ...</span>\n}\n</pre><p><br></p>',1,'2019-04-16 14:07:00','https://fullstackworld.com/storage/images/5IyfFNgKF5lUhFrUG4ZUttMF8x0fqOKvlXl5CfYB.png','','2aa04e3a-eb4a-404b-b237-207758950705','2019-04-16 12:08:06','2019-04-16 13:05:02','{\"meta_description\":\"Awesome Vuejs package for Vuejs time picker. Clock picker. Vuejs time selector.\",\"opengraph_title\":null,\"opengraph_description\":null,\"opengraph_image\":null,\"opengraph_image_width\":null,\"opengraph_image_height\":null,\"twitter_title\":null,\"twitter_description\":null,\"twitter_image\":null}'),('6814441f-5d07-47dc-8d53-a7f08ce3aa4a','vuejs-sending-http-ajax-request-with-axios','Vuejs sending HTTP/Ajax request with axios','axios is the only best promise based HTTP client for JavaScript.','<p><a href=\"https://github.com/axios/axios\" target=\"_blank\">axios</a> is one of the most famous JS package available on github. It is a promise based HTTP client for javascript. It can used both on frontend or backend(node.js).</p><h2><u>Features of axios</u>:</h2><ul><li>Make&nbsp;<a href=\"https://developer.mozilla.org/en-US/docs/Web/API/XMLHttpRequest\" target=\"_blank\" style=\"color: rgb(3, 102, 214);\">XMLHttpRequests</a>&nbsp;from the browser</li><li>Make&nbsp;<a href=\"http://nodejs.org/api/http.html\" target=\"_blank\" style=\"color: rgb(3, 102, 214);\">http</a>&nbsp;requests from node.js</li><li>Supports the&nbsp;<a href=\"https://developer.mozilla.org/en-US/docs/Web/JavaScript/Reference/Global_Objects/Promise\" target=\"_blank\" style=\"color: rgb(3, 102, 214);\">Promise</a>&nbsp;API</li><li>Intercept request and response</li><li>Transform request and response data</li><li>Cancel requests</li><li>Automatic transforms for JSON data</li><li>Client side support for protecting against&nbsp;<a href=\"http://en.wikipedia.org/wiki/Cross-site_request_forgery\" target=\"_blank\" style=\"color: rgb(3, 102, 214);\">XSRF</a></li></ul><h2>axios examples</h2><p>Example to make http get request with javascript:</p><pre class=\"ql-syntax\" spellcheck=\"false\"><span class=\"hljs-comment\">// Make a request for a user with a given ID</span>\naxios.get(<span class=\"hljs-string\">\'/user?ID=12345\'</span>)\n  .then(<span class=\"hljs-function\"><span class=\"hljs-keyword\">function</span> (<span class=\"hljs-params\">response</span>) </span>{\n    <span class=\"hljs-comment\">// handle success</span>\n    <span class=\"hljs-built_in\">console</span>.log(response);\n  })\n  .catch(<span class=\"hljs-function\"><span class=\"hljs-keyword\">function</span> (<span class=\"hljs-params\">error</span>) </span>{\n    <span class=\"hljs-comment\">// handle error</span>\n    <span class=\"hljs-built_in\">console</span>.log(error);\n  })\n  .then(<span class=\"hljs-function\"><span class=\"hljs-keyword\">function</span> () </span>{\n    <span class=\"hljs-comment\">// always executed</span>\n  });\n</pre><p>Example to make http post request with javascript:</p><pre class=\"ql-syntax\" spellcheck=\"false\"> axios.post(<span class=\"hljs-string\">\'/user\'</span>, {\n    <span class=\"hljs-attr\">firstName</span>: <span class=\"hljs-string\">\'Fred\'</span>,\n    <span class=\"hljs-attr\">lastName</span>: <span class=\"hljs-string\">\'Flintstone\'</span>\n  })\n  .then(<span class=\"hljs-function\"><span class=\"hljs-keyword\">function</span> (<span class=\"hljs-params\">response</span>) </span>{\n    <span class=\"hljs-built_in\">console</span>.log(response);\n  })\n  .catch(<span class=\"hljs-function\"><span class=\"hljs-keyword\">function</span> (<span class=\"hljs-params\">error</span>) </span>{\n    <span class=\"hljs-built_in\">console</span>.log(error);\n  });\n</pre><h2>axios available methods</h2><p>For convenience aliases have been provided for all supported request methods.</p><ul><li><code>axios.request(config)</code></li><li><code>axios.get(url[, config])</code></li><li><code>axios.delete(url[, config])</code></li><li><code>axios.head(url[, config])</code></li><li><code>axios.options(url[, config])</code></li><li><code>axios.post(url[, data[, config]])</code></li><li><code>axios.put(url[, data[, config]])</code></li><li><code>axios.patch(url[, data[, config]])</code></li></ul><h2>axios dealing with errors</h2><p>There are times when we might not get the data we need from the API. There are several reasons that our axios call might fail, including but not limited to:</p><ul><li>The API is down.</li><li>The request was made incorrectly.</li><li>The API isn’t giving us the information in the format that we anticipated.</li></ul><p>When making this request, we should be checking for just such circumstances, and giving ourselves information in every case so we know how to handle the problem. In an axios call, we’ll do so by using <code>catch</code>.</p><pre class=\"ql-syntax\" spellcheck=\"false\">axios\n&nbsp;.get(<span class=\"hljs-string\">\'https://xyz.com/api\'</span>)\n&nbsp;.then(<span class=\"hljs-function\"><span class=\"hljs-params\">response</span> =&gt;</span> (<span class=\"hljs-keyword\">this</span>.info = response.data.bpi))\n&nbsp;.catch(<span class=\"hljs-function\"><span class=\"hljs-params\">error</span> =&gt;</span> <span class=\"hljs-built_in\">console</span>.log(error))\n</pre><h2>Vuejs axios example</h2><p>Here is the example how axios can be used in your vuejs component. It has considered that axios has already installed &amp; added.</p><pre class=\"ql-syntax\" spellcheck=\"false\"><span class=\"hljs-keyword\">new</span> Vue({\n&nbsp;<span class=\"hljs-attr\">el</span>: <span class=\"hljs-string\">\'#app\'</span>,\n&nbsp;data () {\n&nbsp;&nbsp;<span class=\"hljs-keyword\">return</span> {\n&nbsp;&nbsp;&nbsp;<span class=\"hljs-attr\">info</span>: <span class=\"hljs-literal\">null</span>\n&nbsp;&nbsp;}\n&nbsp;},\n&nbsp;mounted () {\n&nbsp;&nbsp;axios\n&nbsp;&nbsp;&nbsp;.get(<span class=\"hljs-string\">\'https://api.coindesk.com/v1/bpi/currentprice.json\'</span>)\n&nbsp;&nbsp;&nbsp;.then(<span class=\"hljs-function\"><span class=\"hljs-params\">response</span> =&gt;</span> (<span class=\"hljs-keyword\">this</span>.info = response))\n&nbsp;}\n})\n</pre><p>Reference <a href=\"https://github.com/axios/axios\" target=\"_blank\">link</a></p><p><br></p>',1,'2019-03-18 13:45:00','https://fullstackworld.com/storage/images/2a7ZwbKkRWai17NehuacyX81wPfcPwJ5BDRpYw6Y.png','','2aa04e3a-eb4a-404b-b237-207758950705','2019-03-18 15:47:33','2019-04-03 06:37:40','{\"meta_description\":\"axios a promise based HTTP client for javascript. Javascript send an ajax call. http request using axios.\",\"opengraph_title\":null,\"opengraph_description\":null,\"opengraph_image\":null,\"opengraph_image_width\":null,\"opengraph_image_height\":null,\"twitter_title\":null,\"twitter_description\":null,\"twitter_image\":null}'),('71d9f2e0-6c66-4ce6-9a3b-bd3bfcfc0d3a','convert-webpage-to-pdf-or-image-in-laravel','Convert webpage to PDF or image in laravel','Browsershot is package to convert webpage to image or PDF in laravel.','<p>It\'s not much common requirement to convert a webpage to PDF or image but sometimes it is required than never.</p><p><a href=\"https://spatie.be?ref=fullstackworld.com\" target=\"_blank\">Spatie</a> has a nice package called <a href=\"https://github.com/spatie/browsershot\" target=\"_blank\">Browsershot</a> to convert webpage to either image or PDF. Under the hood this conversion is made possible with <a href=\"https://developers.google.com/web/updates/2017/04/headless-chrome\" target=\"_blank\">headless chrome option</a>.</p><p>In order to make use of <a href=\"https://github.com/spatie/browsershot\" target=\"_blank\">Browsershot</a> you must make sure that Chrome 59 or higher is installed on your system.</p><p>After installing package as per the installation guide, you can use the package like:</p><pre class=\"ql-syntax\" spellcheck=\"false\">Browsershot::url(<span class=\"hljs-string\">\'https://example.com\'</span>)-&gt;save($pathToImage);\n</pre><p>By default the screenshot will be a png and it\'s size will match the resolution you use for your desktop. Want another size of screenshot? No problem!</p><pre class=\"ql-syntax\" spellcheck=\"false\">Browsershot::url(<span class=\"hljs-string\">\'https://example.com\'</span>)\n    -&gt;windowSize(<span class=\"hljs-number\">640</span>, <span class=\"hljs-number\">480</span>)\n    -&gt;save($pathToImage);\n</pre><p>You can also set the size of the output image independently of the size of window. Here\'s how to resize a screenshot take with a resolution of 1920x1080 and scale that down to something that fits inside 200x200.</p><pre class=\"ql-syntax\" spellcheck=\"false\">Browsershot::url(<span class=\"hljs-string\">\'https://example.com\'</span>)\n    -&gt;windowSize(<span class=\"hljs-number\">1920</span>, <span class=\"hljs-number\">1080</span>)\n    -&gt;fit(Manipulations::FIT_CONTAIN, <span class=\"hljs-number\">200</span>, <span class=\"hljs-number\">200</span>)\n    -&gt;save($pathToImage);\n</pre>',1,'2019-04-11 18:20:00','https://fullstackworld.com/storage/images/3xlyZogI8WBsPMrEawVdnN27vwOqwFHou6PZSZJf.jpeg','','2aa04e3a-eb4a-404b-b237-207758950705','2019-04-14 16:24:36','2019-04-14 16:37:29','{\"meta_description\":\"Browsershot is laravel package to convert webpage to image or PDF. Convert HTML to image.\",\"opengraph_title\":null,\"opengraph_description\":null,\"opengraph_image\":null,\"opengraph_image_width\":null,\"opengraph_image_height\":null,\"twitter_title\":null,\"twitter_description\":null,\"twitter_image\":null}'),('87e9d514-8c43-4ef3-8387-b29937a3601c','efficient-admin-template-using-angular-7-bootstrap-4-and-nebular-ngx-admin','Efficient admin template using Angular 7+, Bootstrap 4 and Nebular: ngx-admin','The most popular admin dashboard based on Angular 7+, Bootstrap 4+ and Nebular. Free and Open Source for personal and commercial purposes.','<p>The most popular admin dashboard based on Angular 7+, Bootstrap 4+ and Nebular. Free and Open Source for personal and commercial purposes.</p><p><a href=\"https://akveo.github.io/ngx-admin/\" target=\"_blank\">ngx-admin</a> is packed with a huge number of handcrafted UI components, charts, maps, editors, tables, and much more, so that developers can focus on business needs. Also, it looks perfect with any screen size. </p><h2>Why ngx-admin?</h2><p><a href=\"https://akveo.github.io/ngx-admin/\" target=\"_blank\">ngx-admin</a> is a front-end admin dashboard template based on Angular 7+, Bootstrap 4+ and <a href=\"https://akveo.github.io/nebular/?utm_source=ngx_admin_landing&amp;utm_medium=docs_getting_started\" target=\"_blank\">Nebular</a>. That means all the data you can see on graphs, charts and tables is mocked in JavaScript so you can use the backend of your choice with no limitations. On top of this it also comes with multiple themes.</p><h2>What\'s included in ngx-admin:</h2><ul><li>Angular 7+ &amp; Typescript</li><li>Bootstrap 4+ &amp; SCSS</li><li>Responsive layout</li><li>RTL support</li><li>High resolution</li><li>Flexibly configurable themes with&nbsp;hot-reload&nbsp;(3 themes included)</li><li>Authentication module with multiple providers</li><li>40+ Angular Components</li><li>60+ Usage Examples</li></ul><h2>Awesome features:</h2><ul><li class=\"ql-indent-1\">Buttons</li><li class=\"ql-indent-1\">Modals</li><li class=\"ql-indent-1\">Popovers</li><li class=\"ql-indent-1\">Icons</li><li class=\"ql-indent-1\">Typography</li><li class=\"ql-indent-1\">Animated searches</li><li class=\"ql-indent-1\">Forms</li><li class=\"ql-indent-1\">Tabs</li><li class=\"ql-indent-1\">Notifications</li><li class=\"ql-indent-1\">Tables</li><li class=\"ql-indent-1\">Maps</li><li class=\"ql-indent-1\">Charts</li><li class=\"ql-indent-1\">Editors</li></ul><p>And many more!</p><h2>Live Demo</h2><p>Convinced to have a look now, <a href=\"http://akveo.com/ngx-admin/pages/dashboard\" target=\"_blank\">here</a> is the updated live  demo site.</p><p>Special thanks to team <a href=\"https://www.akveo.com/\" target=\"_blank\">akveo</a>.</p><p><br></p>',1,'2019-04-09 13:47:00','https://fullstackworld.com/storage/images/B5vjMgJbJZp5b4GFAi5G4Wg6VdwJxb5j5szDJP2i.gif','','2aa04e3a-eb4a-404b-b237-207758950705','2019-04-12 11:52:10','2019-04-12 13:11:40','{\"meta_description\":\"The most popular admin dashboard based on Angular 7+, Bootstrap 4+ and Nebular. Free and Open Source for personal and commercial purposes.\",\"opengraph_title\":null,\"opengraph_description\":null,\"opengraph_image\":null,\"opengraph_image_width\":null,\"opengraph_image_height\":null,\"twitter_title\":null,\"twitter_description\":null,\"twitter_image\":null}'),('9845b743-faa1-4701-9f42-0c6a2c967fc7','what-is-boilerplate-code-why-when-to-use-the-boilerplate-code','What is boilerplate code? Why & when to use the boilerplate code?','Boilerplate refers to sections of code that have to be included in many places with little or no alteration. In the software industry, most professional developers/teams created a collection of code snippets and assets that they reuse to boost development.','<p>In general, a lawyer or real estate agent may give you a five-page contract to sign, but most of the contract is boilerplate — meaning it’s the same for everyone who gets that contract, with only a few changes.</p><p>Wikipedia Definition:</p><blockquote>In computer programming, <strong>boilerplate code</strong> or just <strong>boilerplate</strong> refers to sections of code that have to be included in many places with little or no alteration. It is often used when referring to languages that are considered verbose, i.e. the programmer must write a lot of code to do minimal jobs.</blockquote><p>If you look around <a href=\"https://github.com/search?q=boilerplate\" target=\"_blank\">Github boilerplates</a>, you will find plenty of boilerplate repositories for different programming languages or different common use cases(like a hackathon, game development, framework).</p><p>The concept of boilerplate was originated in the newspaper industry during the late 18th century. </p><p>In the software industry, most professional developers/teams created a collection of code snippets and assets that they reuse to boost development. In the case of web development, there are some basic global requirements needed for each website/application. Rather than every time  rebuilding these, most developers start keeping a copy of base features &amp; reusing it for each time.</p><p>These days, boilerplate is not limited for web development only but we can see much of boilerplate code for ML/AI as there are more growing frameworks &amp; libraries in this area.</p><h2>Why use the boilerplate code?</h2><ul><li><strong>Boost Early Development</strong>: The main advantage of using boilerplate code is to reduce your initial software development time by reusing core things.</li><li><strong>Less Complexity:</strong> It also takes care of complexity from your code &amp; gives you possibly cleaner code.</li><li><strong>Short Learning Curve: </strong>If your software uses the standard boilerplate code as a base then there will be no learning curve for new developers who have worked on the same boilerplate.</li></ul><h2>When to use the boilerplate code?</h2><ul><li><strong>Your requirements are clear</strong>: In my opinion, if your software requirements are clear &amp; those are matching with the specific boilerplate code features then you are good to go with it. </li><li><strong>Your requirements are not clear: </strong>For instance, the complete scope of the software is not much clear in the beginning then I would prefer to choose a specific framework or start with core development over using boilerplate. The reason not to choose boilerplate is, there might be some cases/requirements in the future which may not support this boilerplate or it restricts with specific approach or UI.</li></ul><h2>Things to check while using boilerplate code<strong>:</strong></h2><ul><li>Follows proper <strong>coding standard </strong>from specific language</li><li>Proper <strong>documentation</strong></li><li>Easy &amp; Standard <strong>testing tool</strong></li><li><strong>Scalable</strong> in terms of performance &amp; development</li><li>Support for customising core things</li><li><strong>Community</strong> support</li><li>License &amp; ownership</li><li>Coding standards followed</li><li>Has CLI tool</li></ul><h2>Some useful boilerplates<strong>:</strong></h2><p>Neither I\'m promoting nor recommending any of these boilerplates for your requirements. You should do your research in case you wants to use one. I\'m just trying to give my bit to open-source community.</p><ul><li><strong>HTML:</strong></li><li class=\"ql-indent-1\"><a href=\"https://github.com/h5bp/html5-boilerplate\" target=\"_blank\">HTML5-Boilerplate</a></li><li><strong>Javascript:</strong></li><li class=\"ql-indent-1\"><a href=\"https://github.com/react-boilerplate/react-boilerplate\" target=\"_blank\">React Boilerplate</a></li><li class=\"ql-indent-1\"><a href=\"https://github.com/SimulatedGREG/electron-vue\" target=\"_blank\">Electron &amp; Vue</a></li><li class=\"ql-indent-1\"><a href=\"https://github.com/jquery-boilerplate/jquery-boilerplate\" target=\"_blank\">jQuery Plugin</a></li><li><strong>Python</strong></li><li class=\"ql-indent-1\"><a href=\"https://github.com/hack4impact/flask-base\" target=\"_blank\">Flask</a></li><li class=\"ql-indent-1\"><a href=\"https://github.com/brwr/thinkster-django-angular-boilerplate\" target=\"_blank\">Django &amp; Angular</a></li><li class=\"ql-indent-1\"><a href=\"https://github.com/vintasoftware/django-react-boilerplate\" target=\"_blank\">Django &amp; React</a></li><li>PHP</li><li class=\"ql-indent-1\"><a href=\"https://github.com/rappasoft/laravel-5-boilerplate\" target=\"_blank\">Laravel</a></li><li class=\"ql-indent-1\"><a href=\"https://github.com/DevinVinson/WordPress-Plugin-Boilerplate\" target=\"_blank\">WordPress Plugin</a></li><li><strong>Other</strong></li><li class=\"ql-indent-1\"><a href=\"https://github.com/h5bp/server-configs-nginx\" target=\"_blank\">Nginx Server Config</a></li><li class=\"ql-indent-1\"><a href=\"https://github.com/hitherejoe/Android-Boilerplate\" target=\"_blank\">Android</a></li><li class=\"ql-indent-1\"><a href=\"https://github.com/sahat/hackathon-starter\" target=\"_blank\">Hackathon &amp; quick prototyping</a><strong> </strong>- Node JS, express application with a bunch of basic features</li></ul><p>The wisest thing is to get a deeper understanding of your software requirements &amp; then look around for matching framework/boilerplate/core. </p><p><br></p>',1,'2019-03-02 05:42:00','https://images.unsplash.com/photo-1460816274912-b1e8445c5e8d?ixlib=rb-1.2.1&q=80&fm=jpg&crop=entropy&cs=tinysrgb&w=1080&fit=max&ixid=eyJhcHBfaWQiOjQ5OTAzfQ','Photo by <a href=\"https://unsplash.com/@samuelzeller\">Samuel Zeller</a> on <a href=\"https://unsplash.com\">Unsplash</a>','2aa04e3a-eb4a-404b-b237-207758950705','2019-03-01 08:42:42','2019-03-20 11:12:02','{\"meta_description\":\"Boilerplate refers to sections of code that have to be included in many places with little or no alteration. In the software industry, most professional developers/teams created a collection of code snippets and assets that they reuse to boost development.\",\"opengraph_title\":\"Boilerplate refers to sections of code that have to be included in many places with little or no alteration.\",\"opengraph_description\":\"Boilerplate refers to sections of code that have to be included in many places with little or no alteration. In the software industry, most professional developers/teams created a collection of code snippets and assets that they reuse to boost development.\",\"opengraph_image\":\"https://images.unsplash.com/photo-1460816274912-b1e8445c5e8d?ixlib=rb-1.2.1&q=80&fm=jpg&crop=entropy&cs=tinysrgb&w=1080&fit=max&ixid=eyJhcHBfaWQiOjQ5OTAzfQ\",\"opengraph_image_width\":1080,\"opengraph_image_height\":720,\"twitter_title\":\"Boilerplate refers to sections of code that have to be included in many places with little or no alteration.\",\"twitter_description\":\"Boilerplate refers to sections of code that have to be included in many places with little or no alteration. In the software industry, most professional developers/teams created a collection of code snippets and assets that they reuse to boost development.\",\"twitter_image\":\"https://images.unsplash.com/photo-1460816274912-b1e8445c5e8d?ixlib=rb-1.2.1&q=80&fm=jpg&crop=entropy&cs=tinysrgb&w=1080&fit=max&ixid=eyJhcHBfaWQiOjQ5OTAzfQ\"}'),('996a408e-54a0-4661-8118-57af8d5f7d0b','phpunit-testing-laravel-scout','Phpunit Testing laravel scout','','<p>Scout test</p><p><a href=\"https://medium.com/yish/laravel-scout-isolating-testing-environment-ee5e5150e58c\" target=\"_blank\">https://medium.com/yish/laravel-scout-isolating-testing-environment-ee5e5150e58c</a></p>',0,'2019-04-28 10:14:00',NULL,'','2aa04e3a-eb4a-404b-b237-207758950705','2019-04-28 08:14:44','2019-04-28 08:15:08','{\"meta_description\":null,\"opengraph_title\":null,\"opengraph_description\":null,\"opengraph_image\":null,\"opengraph_image_width\":null,\"opengraph_image_height\":null,\"twitter_title\":null,\"twitter_description\":null,\"twitter_image\":null}'),('a3a15cd2-0400-4dee-8428-46a439e3250a','global-game-jam-an-introduction-to-the-gaming-world','Global Game Jam, an introduction to the gaming world!','Over the last weekend, we were on a mission of building a game in just 48 Hours. There was a lot of brainstorming, late night coding, planning, replanning, execution & off course tons of food and fun.','<p>Over the last weekend(25-27 Jan 2019), we were busy on a mission for building a game in just 48 Hours. There was a lot of brainstorming, late night coding, planning, replanning, execution &amp; off course tons of food and fun. All of this was for a special reason called <a href=\"https://globalgamejam.org/\" target=\"_blank\" style=\"color: rgb(64, 64, 200);\">Global Game Jam</a>(GGJ).</p><p>In case you don\'t know already, Global Game Jam is a global event which happens once in a year at the same time on different locations throughout the world. The theme is common for all which is announced on the spot every year. </p><p>Here are some official figures for this year which I got from their site: </p><ul><li>Total Jammers around the world - <strong>47044</strong></li><li>Total jam sites - <strong>860</strong></li><li>Countries participating - <strong>113</strong>*<span class=\"hljs-string\"> </span></li></ul><p>Off course I was one of them :)  </p><p>For me the Game Jam was special for a few reasons, first I was going to develop a game for the first time in my life &amp; secondly the event was happening at my office(<a href=\"https://www.tradebyte.com\" target=\"_blank\">Tradebyte Software</a>). Here is our jam site page.</p><p>A sneak peek to our game before we go ahead:</p><div class=\"inline_html\" contenteditable=\"false\"><blockquote class=\"twitter-tweet\" data-lang=\"en\"><p dir=\"ltr\" lang=\"en\">Woohoo, you saved your home! <a href=\"https://twitter.com/hashtag/ggj2019?src=hash&amp;ref_src=twsrc%5Etfw\">#ggj2019</a> <a href=\"https://twitter.com/hashtag/ggjan?src=hash&amp;ref_src=twsrc%5Etfw\">#ggjan</a> <a href=\"https://twitter.com/hashtag/GGJ19?src=hash&amp;ref_src=twsrc%5Etfw\">#GGJ19</a> <a href=\"https://twitter.com/hashtag/SneakPeek?src=hash&amp;ref_src=twsrc%5Etfw\">#SneakPeek</a> <a href=\"https://t.co/DhDUDxzmjb\">pic.twitter.com/DhDUDxzmjb</a></p>— Ramesh M ?? ?? (@mhetreramesh) <a href=\"https://twitter.com/mhetreramesh/status/1089517655130808321?ref_src=twsrc%5Etfw\">January 27, 2019</a></blockquote>\n<script async=\"\" src=\"https://platform.twitter.com/widgets.js\" charset=\"utf-8\"></script>\n</div><p><br></p><p>I will try summarizing my experience in a timeline format &amp; try keeping it short:</p><p><strong>Day 1 (5 P.M.) [The theme]:</strong></p><p>All jammers from different part were gathered at around 5 PM at the site. Then there was a short introduction about the event &amp; theme was announced at around 6 p.m.</p><p>This years theme was <a href=\"https://globalgamejam.org/news/theme-global-game-jam-2019-%E2%80%A6\" target=\"_blank\">What home means to you</a>. The theme seems to be simple but it was pretty tough to come up with an Idea around it. </p><p>As soon as the theme was announced, people started discussing their idea &amp; teaming up with the groups. Within half an hour all teams had to announce their idea &amp; make it open for others to join their team if someone interested(I like this open team building concept :)).</p><p><strong>Day 1 (7 P.M.) [The Start]:</strong></p><p>We six developers teamed up together for an idea of building a multiplayer war game. The idea was to save your home from another home &amp; make it the last standing home &amp; we named it Homeageddon. Then we started with actual game development at around 7 p.m. We did a little brainstorming in the beginning &amp; started with the goals. I was also understanding how to use Phaser-3 first time.</p><p><strong>Day 1 (10 P.M.) [First Sync]:</strong></p><p>We did our first sync meeting since we started and defined the targets for the day for each member. I was doing mainly involved in the frontend part. </p><p><strong>Day 2 (01:30 A.M.) [Second Sync &amp; sleep call]:</strong></p><p>After defining the UI, basic backend &amp; much plannings we decided to take some rest because we had two big days ahead to work on. </p><p><strong>Day 2 (08:00 A.M.) [Heavy breakfast &amp; big plans]:</strong></p><p>Everyone gathered early in the morning because a lot of work was pending on the game. After having heavy breakfast we did sync &amp; divided tasks &amp; priority to take on. Everyone was doing his part to make a game better.</p><p><strong>Day 2 (12:00 A.M.) [Backend has done, sync again]:</strong></p><p>By now most of the important part from the backend was done so we did a little sync on how we can move ahead with the frontend building.</p><p><strong>Day 2 (03:00 P.M.) [Thing are shaping up]:</strong></p><p>Things are started to shaping up &amp; most of the part from the UI was done by now. Now the backend frontend connections &amp; building actual game logic was the most important part. It was fun to take small quick breaks from your desk &amp; discuss the ideas of other teams &amp; how they are doing it.</p><p><strong>Day 2 (04:00 P.M.) [Cakes &amp; Cakes]:</strong></p><p>Now was the time for some yummy-yummy cakes from Tradebyte.</p><div class=\"embedded_image\" contenteditable=\"false\" data-layout=\"default\"><img alt=\"Cakes, Cakes &amp; Cakes :)\" src=\"https://fullstackworld.com/storage/images/7I1oAJYFuOzVwJDmKvN27ZVTqwMpSALe6Oobpxe8.jpeg\"><p>Cakes, Cakes &amp; Cakes :)</p></div><p><br></p><p><strong>Day 2 (07:00 P.M.) [Doners &amp; Discussions]:</strong></p><p>By the time of dinner, we were at the stage where our game allows to start a game with multiple players in. We were a bit casual because of the overall progress we made during the day. We had nice doners for dinner.</p><p><strong>Day 2 (10:00 P.M.) [Getting serious]:</strong></p><p>We started with building actual game logic multiplayer fight/collision/fire &amp; much more. Basic things were done easily but there were multiple corner cases to fix &amp; time was moving fast.</p><div class=\"embedded_image\" data-layout=\"default\" contenteditable=\"false\"><img alt=\"A list of ToDo\'s\" src=\"https://fullstackworld.s3.ap-south-1.amazonaws.com/images/21yOV1tIux3KWqKBZQf0VjIHyR48Ys56uVX0QIFf.jpeg\"><p>A list of ToDo\'s</p></div><p><span style=\"background-color: rgb(255, 255, 255); color: rgb(0, 0, 0);\"><span class=\"ql-cursor\">﻿﻿﻿﻿﻿﻿﻿﻿﻿﻿</span></span></p><p><strong>Day 2(02:20 A.M.) [Getting better, time to sleep]:</strong></p><p>Collision detection between bullets &amp; players was too much of work. Also, it was much difficult to make it sync for all the players. The goal was not to have a lag(At least not much so we can actually play a game). With some important things open on the logic we decided to take some sleep. Almost everyone from our team was leaving nearby so we went home like the previous day.</p><p><strong>Day 3(09:30 A.M.) [Late Start with open topics]:</strong></p><p>After 5 day week, it was already too much exhausting weekend for me so far. So I was a little lazy in the morning. By the time I went to the office my teammates were already gathered &amp; started doing their bit. I had to fix important logic about movement &amp; counting health of the players. I was busy with that for the next few hours. Then added some music for the game.</p><p><strong>Day 3(02:00 P.M.) [Testing &amp; improving, testing &amp; improving, testing &amp; improving....]:</strong></p><p>The game was ready for testing. We did multiple rounds of a test, fixing things, again &amp; again testing. It was tricky because we always needed multiple team members for testing &amp; feedback. Testing tool quite some time &amp; finally we reached close to the release level.</p><p><strong>Day 3(04:00 P.M.) [The presentation &amp; happy ending]:</strong></p><p>Martin submitted the game one the GGJ website &amp; we did a little presentation of the game. Also, a live demo where a live audience also participated. Everyone liked the game(Which off course made us happy)! That was the ending of the GGJ. Everyone went home with exhaustion &amp; happiness</p><p>I was so grateful to be a part of a nice team. Finally, I would like to take a moment to say thanks to my team, our sponsors &amp;  the host(<a href=\"https://www.tradebyte.com/\" target=\"_blank\">Tradebyte Software</a>).</p><p>Hope you will join next year!</p><div class=\"embedded_image\" data-layout=\"default\" contenteditable=\"false\"><img alt=\"Cheers to Tradebyte!\" src=\"https://fullstackworld.s3.ap-south-1.amazonaws.com/images/w0eeXKFJ7cdzecAYBxNcXW3Ipc3pf6JWCzLXd1Wy.jpeg\"><p>Cheers to Tradebyte!</p></div><p><br></p><p><br></p>',1,'2019-02-01 11:54:00','https://fullstackworld.com/storage/images/QZS4xow8vLDZfQPBmhmARKASDNKJtOoXIiOfkpGN.jpeg','','2aa04e3a-eb4a-404b-b237-207758950705','2019-02-02 10:54:17','2019-03-15 14:27:10','{\"meta_description\":\"Global game jam experience. How was global game jam 2019?\",\"opengraph_title\":\"Global Game Jam, an introduction to the gaming world!\",\"opengraph_description\":\"My experience of developing a multiplayer game for the first time in just two days.\",\"opengraph_image\":\"https://images.unsplash.com/photo-1512686096451-a15c19314d59?ixlib=rb-1.2.1&q=80&fm=jpg&crop=entropy&cs=tinysrgb&w=1080&fit=max&ixid=eyJhcHBfaWQiOjQ5OTAzfQ\",\"opengraph_image_width\":1080,\"opengraph_image_height\":720,\"twitter_title\":\"Global Game Jam, an introduction to the gaming world!\",\"twitter_description\":\"My experience of developing a multiplayer game for the first time in just two days.\",\"twitter_image\":\"https://images.unsplash.com/photo-1512686096451-a15c19314d59?ixlib=rb-1.2.1&q=80&fm=jpg&crop=entropy&cs=tinysrgb&w=1080&fit=max&ixid=eyJhcHBfaWQiOjQ5OTAzfQ\"}'),('a7976d7b-95c7-4523-8506-35542892508b','the-power-of-laravel-dusk-a-browser-automation-testing-tool','The power of Laravel Dusk, a browser automation testing tool','','<p><a href=\"https://laravel.com/docs/5.8/dusk\" target=\"_blank\">Laravel Dusk</a> is a tool which provides an expressive, easy-to-use browser automation and testing API. Practically its just another PHP package for your project to fully functional browser tests.</p><p>By default, Dusk does not require you to install JDK or Selenium on your machine. Instead, Dusk uses a standalone <a href=\"https://sites.google.com/a/chromium.org/chromedriver/home\" target=\"_blank\">ChromeDriver</a> installation. However, you are free to utilize any other Selenium compatible driver you wish.</p><p>The <a href=\"https://laravel.com/docs/5.8/dusk#installation\" target=\"_blank\">Laravel Dusk installation</a> is simple, after composer package installation just have to run:</p><pre class=\"ql-syntax\" spellcheck=\"false\">php artisan dusk:install\n</pre><p>The best thing is you can use all the power of Laravel framework for your browser tests as well. For instance, using <a href=\"https://laravel.com/docs/5.8/seeding#using-model-factories\" target=\"_blank\">Laravel Model Factories</a> to seed data for your tests.</p><h3>Using other browsers with Laravel Dusk</h3><p>With laravel dusk you may start your own Selenium server and run your tests against any browser you wish. You just have to stop using ChromeDriver while preparing your instance in file <code>tests/DuskTestCase.php</code></p><h3>Environment handling in Laravel Dusk</h3><p>We can create all together separate environment for dusk tests by just creating separate <code>.env</code> file for that dusk. To force Dusk to use its own environment file when running tests, create a .<code>env.dusk.{environment}</code> file in the root of your project. For example, if you will be initiating the <code>dusk</code> command from your local environment, you should create a <code>.env.dusk.local </code>file.</p><h2>Vuejs Assertions with Laravel Dusk</h2><p>Laravel Dusk even allows you to make assertions on the state of <strong>Vue</strong> component data(Isn\'t is awesome :)). For example, imagine your application contains the following Vue component:</p><pre class=\"ql-syntax\" spellcheck=\"false\"><span class=\"hljs-comment\">// HTML...</span>\n&lt;profile dusk=<span class=\"hljs-string\">\"profile-component\"</span>&gt;<span class=\"hljs-tag\">&lt;/<span class=\"hljs-name\">profile</span>&gt;</span>\n<span class=\"hljs-comment\">// Component Definition...</span>\nVue.component(<span class=\"hljs-string\">\'profile\'</span>, {\n    <span class=\"hljs-attr\">template</span>: <span class=\"hljs-string\">\'&lt;div&gt;{{ user.name }}&lt;/div&gt;\'</span>,\n    <span class=\"hljs-attr\">data</span>: <span class=\"hljs-function\"><span class=\"hljs-keyword\">function</span> () </span>{\n        <span class=\"hljs-keyword\">return</span> {\n            <span class=\"hljs-attr\">user</span>: {\n              <span class=\"hljs-attr\">name</span>: <span class=\"hljs-string\">\'Taylor\'</span>\n            }\n        };\n    }\n});\n</pre><p>You may assert on the state of the Vue component like so:</p><pre class=\"ql-syntax\" spellcheck=\"false\"><span class=\"hljs-keyword\">public</span> <span class=\"hljs-function\"><span class=\"hljs-keyword\">function</span> <span class=\"hljs-title\">testVue</span><span class=\"hljs-params\">()</span>\n</span>{\n    <span class=\"hljs-keyword\">$this</span>-&gt;browse(<span class=\"hljs-function\"><span class=\"hljs-keyword\">function</span> <span class=\"hljs-params\">(Browser $browser)</span> </span>{\n        $browser-&gt;visit(<span class=\"hljs-string\">\'/\'</span>)\n                -&gt;assertVue(<span class=\"hljs-string\">\'user.name\'</span>, <span class=\"hljs-string\">\'Taylor\'</span>, <span class=\"hljs-string\">\'@profile-component\'</span>);\n    });\n}\n</pre><p><br></p><p>There are so many available <a href=\"https://laravel.com/docs/5.8/dusk#available-assertions\" target=\"_blank\">assertions</a> with proper documentation about them. </p>',1,'2019-03-15 15:46:00','https://fullstackworld.com/storage/images/sUq08EYNCmkoWCHLh8ycPYj6pTeHhAYqffLbRzsu.png','Dusk','2aa04e3a-eb4a-404b-b237-207758950705','2019-03-15 14:50:38','2019-03-15 19:25:52','{\"meta_description\":\"Laravel Dusk is a tool which provides expressive, easy-to-use browser automation and testing API. Laravel dusk makes browser testing more easy than writing your actual code now.\",\"opengraph_title\":null,\"opengraph_description\":null,\"opengraph_image\":null,\"opengraph_image_width\":null,\"opengraph_image_height\":null,\"twitter_title\":null,\"twitter_description\":null,\"twitter_image\":null}'),('aac1c865-d92a-4aa0-81bb-7bb5e85ddd99','build-your-own-google-analytics-dashboard-with-laravel','Build your own google analytics dashboard with Laravel','Using google analytics dashboard on regular basis can be a cumbersome for people like me, specially when you just need to check few metrics regularly','<p>Using google analytics dashboard on a regular basis can be a cumbersome for people like me, especially when you just need to check a few metrics regularly. I made my own mini dashboard to only show required data from google analytics the way I wants to see it.</p><p>We have fetched data from <a href=\"https://developers.google.com/analytics/devguides/reporting/core/v3/reference\" target=\"_blank\">Google Analytics API</a> using package <a href=\"https://github.com/spatie/laravel-analytics\" target=\"_blank\">spatie/laravel-analytics</a>. Like all other packages from spatie, this package is also well documented &amp; updated. It took me a time of one nice coffee to build <a href=\"highcharts.com\" target=\"_blank\">highcharts</a> graph with this API which becomes really handy at the end.</p><p>Check out the documentation on <a href=\"https://github.com/spatie/laravel-analytics#how-to-obtain-the-credentials-to-communicate-with-google-analytics\" target=\"_blank\">GitHub</a> to learn more about how you can set up this package.</p><p>Some handfull functions from this package:</p><ul><li>Fetch pageviews data for last 30 days</li></ul><pre class=\"ql-syntax\" spellcheck=\"false\">$analyticsData = Analytics::fetchVisitorsAndPageViews(Period::days(<span class=\"hljs-number\">30</span>));\n\n</pre><ul><li>This package also has set of handull functions like</li></ul><pre class=\"ql-syntax\" spellcheck=\"false\"><span class=\"hljs-keyword\">public</span> <span class=\"hljs-function\"><span class=\"hljs-keyword\">function</span> <span class=\"hljs-title\">fetchMostVisitedPages</span><span class=\"hljs-params\">(Period $period, int $maxResults = <span class=\"hljs-number\">20</span>)</span>: <span class=\"hljs-title\">Collection</span></span>;\n\n<span class=\"hljs-keyword\">public</span> <span class=\"hljs-function\"><span class=\"hljs-keyword\">function</span> <span class=\"hljs-title\">fetchTopReferrers</span><span class=\"hljs-params\">(Period $period, int $maxResults = <span class=\"hljs-number\">20</span>)</span>: <span class=\"hljs-title\">Collection</span></span>;\n\n<span class=\"hljs-keyword\">public</span> <span class=\"hljs-function\"><span class=\"hljs-keyword\">function</span> <span class=\"hljs-title\">fetchTopBrowsers</span><span class=\"hljs-params\">(Period $period, int $maxResults = <span class=\"hljs-number\">10</span>)</span>: <span class=\"hljs-title\">Collection</span></span>;\n\n</pre><p>To perform all other queries on the Google Analytics resource you can call performQuery. </p><pre class=\"ql-syntax\" spellcheck=\"false\">public <span class=\"hljs-keyword\">function</span> performQuery(Period <span class=\"hljs-variable\">$period</span>, string <span class=\"hljs-variable\">$metrics</span>, array <span class=\"hljs-variable\">$others</span> = [])\n\n// Query example\n<span class=\"hljs-variable\">$analyticsData</span> = Analytics::performQuery(\n    Period::years(1),\n    <span class=\"hljs-string\">\'ga:sessions\'</span>,\n    [\n        <span class=\"hljs-string\">\'metrics\'</span> =&gt; <span class=\"hljs-string\">\'ga:sessions, ga:pageviews, ga:users\'</span>,\n        <span class=\"hljs-string\">\'dimensions\'</span> =&gt; <span class=\"hljs-string\">\'ga:yearMonth\'</span>\n    ]\n);\n</pre><p><a href=\"https://developers.google.com/analytics/devguides/reporting/core/v4\" target=\"_blank\">Google Core Reporting API</a> provides more information about which metrics &amp; dimensions can be used to build your own query. </p>',1,'2019-03-10 11:08:00','https://fullstackworld.com/storage/images/9M00XJ0upohNC0cfzQ2vlIjagt2S8icxaDaTBDhM.png','','2aa04e3a-eb4a-404b-b237-207758950705','2019-03-07 13:08:11','2019-03-15 14:24:11','{\"meta_description\":\"How to fetch google analytics data in laravel? Laravel show google analytics data. PHP fetch google analytics data. Create your own analytics dashboard.\",\"opengraph_title\":\"Build your own google analytics dashboard with Laravel\",\"opengraph_description\":\"Using google analytics dashboard on a regular basis can be a cumbersome for people like me, especially when you just need to check a few metrics regularly.\",\"opengraph_image\":null,\"opengraph_image_width\":null,\"opengraph_image_height\":null,\"twitter_title\":\"Build your own google analytics dashboard with Laravel\",\"twitter_description\":\"Using google analytics dashboard on a regular basis can be a cumbersome for people like me, especially when you just need to check a few metrics regularly.\",\"twitter_image\":\"https://fullstackworld.s3.ap-south-1.amazonaws.com/images/NKYrUC6xVCYkE0uf9Xi1meEeI0wEw7zncUd4yHGb.png\"}'),('ae98c94d-dfc6-43b1-a35a-0885c2071802','vuepress-powerfull-static-website-generator-with-vuejs','VuePress: Powerfull, static website generator with VueJs','VuePress is a minimalistic Vue-powered static site generator from Evan You, the creator of Vue.js.','<p><a href=\"https://vuepress.vuejs.org/\" target=\"_blank\">VuePress</a> is a minimalistic Vue-powered static site generator from Evan You, the creator of Vue.js.</p><p>A <a href=\"https://vuepress.vuejs.org/\" target=\"_blank\">VuePress</a> site is infact a <a href=\"https://vuejs.org/\" target=\"_blank\">Vue</a> powered Single Page Application(SPA) with <a href=\"https://fullstackworld.com/post/vuejs-router\" target=\"_blank\">VueRouter</a> &amp; <a href=\"https://webpack.js.org/\" target=\"_blank\">webpack</a>. If you\'ve used Vue before, you will notice the familiar development experience when you are writing or developing custom themes (you can even use Vue DevTools to debug your custom theme!).</p><h2>How VuePress works?</h2><p>During build, VuePress create a server-rendered version of the app and render the corresponding HTML by virtually visiting each route. Each markdown file is compiled into HTML with <a href=\"https://github.com/markdown-it/markdown-it\" target=\"_blank\" style=\"color: rgb(211, 176, 129);\">markdown-it</a> and then processed as the template of a Vue component. This allows you to directly use Vue inside your markdown files and is great when you need to embed dynamic content</p><p>Each page generated by VuePress has its own pre-rendered static HTML, providing great loading performance and is SEO-friendly. Once the page is loaded, however, Vue takes over the static content and turns it into a full Single-Page Application (SPA). Additional pages are fetched on demand as the user navigates around the site.</p><h2>Features of VuePress</h2><ul><li><a href=\"https://vuepress.vuejs.org/guide/markdown.html\" target=\"_blank\" style=\"color: rgb(62, 175, 124);\">Built-in markdown extensions</a>&nbsp;optimized for technical documentation</li><li><a href=\"https://vuepress.vuejs.org/guide/using-vue.html\" target=\"_blank\" style=\"color: rgb(62, 175, 124);\">Ability to leverage Vue inside markdown files</a></li><li><a href=\"https://vuepress.vuejs.org/guide/custom-themes.html\" target=\"_blank\" style=\"color: rgb(62, 175, 124);\">Vue-powered custom theme system</a></li><li><a href=\"https://vuepress.vuejs.org/config/#serviceworker\" target=\"_blank\" style=\"color: rgb(62, 175, 124);\">Automatic Service Worker generation</a></li><li><a href=\"https://vuepress.vuejs.org/config/#ga\" target=\"_blank\" style=\"color: rgb(62, 175, 124);\">Google Analytics Integration</a></li><li><a href=\"https://vuepress.vuejs.org/default-theme-config/#last-updated\" target=\"_blank\" style=\"color: rgb(62, 175, 124);\">\"Last Updated\" based on Git</a></li><li><a href=\"https://vuepress.vuejs.org/guide/i18n.html\" target=\"_blank\" style=\"color: rgb(62, 175, 124);\">Multi-language support</a></li><li>A default theme with:</li><li class=\"ql-indent-1\">Responsive layout</li><li class=\"ql-indent-1\"><a href=\"https://vuepress.vuejs.org/default-theme-config/#homepage\" target=\"_blank\" style=\"color: rgb(62, 175, 124);\">Optional Homepage</a></li><li class=\"ql-indent-1\"><a href=\"https://vuepress.vuejs.org/default-theme-config/#built-in-search\" target=\"_blank\" style=\"color: rgb(62, 175, 124);\">Simple out-of-the-box header-based search</a></li><li class=\"ql-indent-1\"><a href=\"https://vuepress.vuejs.org/default-theme-config/#algolia-search\" target=\"_blank\" style=\"color: rgb(62, 175, 124);\">Algolia Search</a></li><li class=\"ql-indent-1\">Customizable&nbsp;<a href=\"https://vuepress.vuejs.org/default-theme-config/#navbar\" target=\"_blank\" style=\"color: rgb(62, 175, 124);\">navbar</a>&nbsp;and&nbsp;<a href=\"https://vuepress.vuejs.org/default-theme-config/#sidebar\" target=\"_blank\" style=\"color: rgb(62, 175, 124);\">sidebar</a></li><li class=\"ql-indent-1\"><a href=\"https://vuepress.vuejs.org/default-theme-config/#git-repo-and-edit-links\" target=\"_blank\" style=\"color: rgb(62, 175, 124);\">Auto-generated GitHub link and page edit links</a></li></ul><h2>Start Using VuePress</h2><p>You can install VuePress globally or locally within project. After installation you just have to build the project to read your changes.</p><pre class=\"ql-syntax\" spellcheck=\"false\">yarn <span class=\"hljs-keyword\">global</span> add vuepress <span class=\"hljs-comment\"># OR npm install -g vuepress</span>\n\n<span class=\"hljs-comment\"># create a markdown file</span>\n<span class=\"hljs-keyword\">echo</span> <span class=\"hljs-string\">\'# Hello VuePress\'</span> &gt; README.md\n\n<span class=\"hljs-comment\"># start writing</span>\nvuepress dev\n\n<span class=\"hljs-comment\"># build</span>\nvuepress build\n</pre><p>Here is how beautiful the default theme looks like:</p><div class=\"inline_html\" contenteditable=\"false\"><div class=\"embedded_image\" contenteditable=\"false\" data-layout=\"default\"><img alt=\"VuePress default theme\" src=\"https://cdn-images-1.medium.com/max/1000/0*cC3mfb2ORfTAzvSn\"><p>VuePress default theme</p></div></div><h2>Some Alternatives to VuePress</h2><ul><li><a href=\"https://hexo.io/\" target=\"_blank\">Hexo</a></li><li><a href=\"https://www.gitbook.com/\" target=\"_blank\">GitBook</a></li><li><a href=\"https://docsify.js.org\" target=\"_blank\">Docsify</a></li></ul><h2><br></h2><p><br></p>',1,'2019-04-17 13:06:00','https://fullstackworld.com/storage/images/aRhWbhOPJeWgm9J6UUAVqJNSNmyf4jRkDqjSLgmA.png','','2aa04e3a-eb4a-404b-b237-207758950705','2019-04-17 11:08:13','2019-04-23 02:36:17','{\"meta_description\":null,\"opengraph_title\":null,\"opengraph_description\":null,\"opengraph_image\":null,\"opengraph_image_width\":null,\"opengraph_image_height\":null,\"twitter_title\":null,\"twitter_description\":null,\"twitter_image\":null}'),('c8ffb8c9-d9f9-4a38-a13f-a567cd0d93c7','laravel-zero-a-micro-framework-for-console-applications','Laravel Zero: A Micro-framework for console applications','Get leverage of laravel magic to create console applications within a micro framework.','<p><a href=\"https://github.com/laravel-zero/laravel-zero\" target=\"_blank\">Laravel Zero</a> is a lightweight and modular micro-framework for developing fast and powerful console applications. Built on top of the Laravel components.</p><p>It has simple syntaxing just like laravel  which enables developers to build very complex application far more quickly than other framework.</p><p>Laravel zero is built on top of the latest release of Laravel, the most popular PHP web framework. Using Laravel Zero, you are free to take advantage of Laravel\'s core great features, and at the same time leverage minimal application structure and a lightweight experience.</p><p>Installation is real simple like any other composer project, <a href=\"https://laravel-zero.com/docs/installation/\" target=\"_blank\">here</a> is the guide.</p><h2>Awesome features laravel zero supports:</h2><ul><li>All power of laravel including(Exception handling, Testing, Database, Logging, Filesystem)</li><li><a href=\"https://laravel-zero.com/docs/build-interactive-menus/\" target=\"_blank\">Build interactive menu</a></li><li>Send desktop notifications</li><li>Tinker REPL</li><li>Self update</li></ul><h3>Build interactive menu\'s:</h3><p>Here is how to build interactive menu\'s. Using the <code>app:install</code> Artisan command you can install the <code>menu</code> component:</p><pre class=\"ql-syntax\" spellcheck=\"false\">php &lt;your-app-name&gt; app:install menu\n</pre><p>Interactive menus in console applications are very powerful. They provide a simple interface that requires little interaction. With Laravel Zero, you can use the <code>menu</code>&nbsp;method to create beautiful menus:</p><p>Using menus in the console may sound silly, but is fantastic! Your users don\'t need to type the number corresponding to their choice any more. They can just use the arrows on their keyboard to make their selection!</p><h4>Example</h4><p>Create your first menu by copy pasting the code below in your commands <code>handle</code>&nbsp;&nbsp;function.</p><pre class=\"ql-syntax\" spellcheck=\"false\">$option = <span class=\"hljs-keyword\">$this</span>-&gt;menu(<span class=\"hljs-string\">\'Pizza menu\'</span>, [\n    <span class=\"hljs-string\">\'Freshly baked muffins\'</span>,\n    <span class=\"hljs-string\">\'Freshly baked croissants\'</span>,\n    <span class=\"hljs-string\">\'Turnovers, crumb cake, cinnamon buns, scones\'</span>,\n])-&gt;open();\n\n<span class=\"hljs-keyword\">$this</span>-&gt;info(<span class=\"hljs-string\">\"You have chosen the option number #$option\"</span>);\n</pre><p>When you now run your command your output should be similar to this image:</p><div class=\"embedded_image\" contenteditable=\"false\" data-layout=\"default\"><img alt=\"Laravel Zero interactive menu\" src=\"https://fullstackworld.com/storage/images/6IXjpryIOHTRG5wlQrdEFeEsicw19WwGfmWDzw48.png\"><p>Laravel Zero interactive menu</p></div><p>The appearance of the menu can be set with a fluent API. What if we like a green font on a black background? The code below shows you how to do just that and some extras.</p><pre class=\"ql-syntax\" spellcheck=\"false\"><span class=\"hljs-keyword\">$this</span>-&gt;menu($title, $options)\n    -&gt;setForegroundColour(<span class=\"hljs-string\">\'green\'</span>)\n    -&gt;setBackgroundColour(<span class=\"hljs-string\">\'black\'</span>)\n    -&gt;setWidth(<span class=\"hljs-number\">200</span>)\n    -&gt;setPadding(<span class=\"hljs-number\">10</span>)\n    -&gt;setMargin(<span class=\"hljs-number\">5</span>)\n    -&gt;setExitButtonText(<span class=\"hljs-string\">\"Abort\"</span>)\n    <span class=\"hljs-comment\">// remove exit button with</span>\n    <span class=\"hljs-comment\">// -&gt;disableDefaultItems()</span>\n    -&gt;setUnselectedMarker(<span class=\"hljs-string\">\'❅\'</span>)\n    -&gt;setSelectedMarker(<span class=\"hljs-string\">\'✏\'</span>)\n    -&gt;setTitleSeparator(<span class=\"hljs-string\">\'*-\'</span>)\n    -&gt;addLineBreak(<span class=\"hljs-string\">\'&lt;3\'</span>, <span class=\"hljs-number\">2</span>)\n    -&gt;addStaticItem(<span class=\"hljs-string\">\'AREA 2\'</span>)\n    -&gt;open();\n</pre><p>This project is the perfect choice if you wants to build something which is mainly going to use closed user base.</p><p><br></p>',1,'2019-04-13 06:01:00','https://fullstackworld.com/storage/images/Hg9bizvsqGUFgJXFQauUuQm72iraCHGlaQK7kP0P.png','','2aa04e3a-eb4a-404b-b237-207758950705','2019-04-15 04:02:25','2019-04-15 04:28:54','{\"meta_description\":\"Laravel Zero, Highly modular laravel micro-framework for console applications. Laravel micro-framework.\",\"opengraph_title\":null,\"opengraph_description\":null,\"opengraph_image\":null,\"opengraph_image_width\":null,\"opengraph_image_height\":null,\"twitter_title\":null,\"twitter_description\":null,\"twitter_image\":null}'),('d72cf5b3-8d78-4e20-a504-ca6c221217b5','javascript-markdown-parser-markdown-it','Javascript Markdown parser: Markdown-it','Markdown-it is a javascript library/package which converts markdown text to HTML. Its very fast, efficient & easy to use within your project.','<p><strong>Markdown</strong> is a <a href=\"https://en.wikipedia.org/wiki/Lightweight_markup_language\" target=\"_blank\">light weight markup</a> language with plain text formatting syntax. Its design allows to be converted to many output formats. Markdown is often used to format <a href=\"https://en.wikipedia.org/wiki/README\" target=\"_blank\">readme files</a>, for writing messages in online discussion forums, and to create rich text using a plain text editor.</p><p><a href=\"https://github.com/markdown-it/markdown-it\" target=\"_blank\">Markdown-it</a> is a javascript library/package which converts markdown text to HTML. Its very fast, efficient &amp; easy to use within your project.</p><h3><a href=\"https://markdown-it.github.io/\" target=\"_blank\">Markdown-it live demo</a></h3><h2>Install Markdown-it</h2><p>You can use either npm or bower or <a href=\"https://www.jsdelivr.com/package/npm/markdown-it\" target=\"_blank\">CDN</a>:</p><pre class=\"ql-syntax\" spellcheck=\"false\">npm <span class=\"hljs-keyword\">install</span> markdown-it <span class=\"hljs-comment\">--save</span>\nbower <span class=\"hljs-keyword\">install</span> markdown-it <span class=\"hljs-comment\">--save</span>\n</pre><h2>How to use markdown parser</h2><pre class=\"ql-syntax\" spellcheck=\"false\"><span class=\"hljs-comment\">// node.js, \"classic\" way:</span>\n<span class=\"hljs-keyword\">var</span> MarkdownIt = <span class=\"hljs-built_in\">require</span>(<span class=\"hljs-string\">\'markdown-it\'</span>),\n    md = <span class=\"hljs-keyword\">new</span> MarkdownIt();\n<span class=\"hljs-keyword\">var</span> result = md.render(<span class=\"hljs-string\">\'# markdown-it rulezz!\'</span>);\n\n<span class=\"hljs-comment\">// node.js, the same, but with sugar:</span>\n<span class=\"hljs-keyword\">var</span> md = <span class=\"hljs-built_in\">require</span>(<span class=\"hljs-string\">\'markdown-it\'</span>)();\n<span class=\"hljs-keyword\">var</span> result = md.render(<span class=\"hljs-string\">\'# markdown-it rulezz!\'</span>);\n\n<span class=\"hljs-comment\">// browser without AMD, added to \"window\" on script load</span>\n<span class=\"hljs-comment\">// Note, there is no dash in \"markdownit\".</span>\n<span class=\"hljs-keyword\">var</span> md = <span class=\"hljs-built_in\">window</span>.markdownit();\n<span class=\"hljs-keyword\">var</span> result = md.render(<span class=\"hljs-string\">\'# markdown-it rulezz!\'</span>);\n</pre><p><a href=\"https://markdown-it.github.io/markdown-it/\" target=\"_blank\">Here</a> is the complete API documentation &amp; many examples.</p><h2>What is awesome about markdown-it</h2><ul><li>Follows the <strong>CommonMark Spec</strong> + adds syntax extensions &amp; sugar (URL autolinking, typographer)</li><li><strong>Configurable syntax! </strong>One can add new rules &amp; replace existing one if required.</li><li>High Speed.</li><li>Safety is being taken care of.</li><li>Many community-written <a href=\"https://www.npmjs.com/search?q=keywords:markdown-it-plugin\" target=\"_blank\">plugins &amp; packages</a> on npm.</li></ul>',1,'2019-04-25 02:51:00','https://fullstackworld.com/storage/images/etdI6lGJvfRzG9EbPjnn9FWdbEOUF3VrtqQfkjla.gif','','2aa04e3a-eb4a-404b-b237-207758950705','2019-04-23 00:51:32','2019-04-26 05:37:21','{\"meta_description\":null,\"opengraph_title\":null,\"opengraph_description\":null,\"opengraph_image\":null,\"opengraph_image_width\":null,\"opengraph_image_height\":null,\"twitter_title\":null,\"twitter_description\":null,\"twitter_image\":null}'),('dece9cfb-3e26-4dc6-a64a-2b6490d9798d','internet-connection-monitoring-in-angular6','Internet connection monitoring in Angular6','Detect internet connection inside running angular application so you can change the behavior of the application.','<p>It\'s a pretty common requirement to monitor the internet connection in your Angular application on the client side &amp; change the behavior of the application accordingly. We might want to show a message — “you are offline”, we might want to load cached data or we would user to take to “offline” page (route). Also as soon as internet connection is restored, we would like to make application functional without any user interaction.</p><p>We can achieve desired feature using <code>window.ononline</code> and <code>window.onoffline</code> events.</p><p>Its not really a tough thing to do this with core JS but luckily we have a <span class=\"hljs-keyword\">package</span> (<code>ng-connection-service</code>) for this.</p><p>You can install service via <code><a href=\"https://www.npmjs.com/package/ng-connection-service\" target=\"_blank\">npm</a></code> command:</p><pre class=\"ql-syntax\" spellcheck=\"false\"><span class=\"hljs-built_in\">npm</span> i ng-connection-service\n</pre><h2><code>ng-connection-service</code> Usage</h2><ul><li>Inject <code>ConnectionService</code> in Angular component\'s constructor.</li><li>Subscribe to <code>monitor()</code> method to get push notification whenever internet connection status is changed.</li></ul><pre class=\"ql-syntax\" spellcheck=\"false\"><span class=\"hljs-keyword\">import</span> { Component } <span class=\"hljs-keyword\">from</span> <span class=\"hljs-string\">\'@angular/core\'</span>;\n<span class=\"hljs-keyword\">import</span> { ConnectionService } <span class=\"hljs-keyword\">from</span> <span class=\"hljs-string\">\'ng-connection-service\'</span>;\n\n@Component({\n  <span class=\"hljs-attr\">selector</span>: <span class=\"hljs-string\">\'app-root\'</span>,\n  <span class=\"hljs-attr\">templateUrl</span>: <span class=\"hljs-string\">\'./app.component.html\'</span>,\n  <span class=\"hljs-attr\">styleUrls</span>: [<span class=\"hljs-string\">\'./app.component.css\'</span>]\n})\n<span class=\"hljs-keyword\">export</span> <span class=\"hljs-class\"><span class=\"hljs-keyword\">class</span> <span class=\"hljs-title\">AppComponent</span> </span>{\n  status = <span class=\"hljs-string\">\'ONLINE\'</span>;\n  isConnected = <span class=\"hljs-literal\">true</span>;\n\n  <span class=\"hljs-keyword\">constructor</span>(private connectionService: ConnectionService) {\n    <span class=\"hljs-keyword\">this</span>.connectionService.monitor().subscribe(<span class=\"hljs-function\"><span class=\"hljs-params\">isConnected</span> =&gt;</span> {\n      <span class=\"hljs-keyword\">this</span>.isConnected = isConnected;\n      <span class=\"hljs-keyword\">if</span> (<span class=\"hljs-keyword\">this</span>.isConnected) {\n        <span class=\"hljs-keyword\">this</span>.status = <span class=\"hljs-string\">\"ONLINE\"</span>;\n      }\n      <span class=\"hljs-keyword\">else</span> {\n        <span class=\"hljs-keyword\">this</span>.status = <span class=\"hljs-string\">\"OFFLINE\"</span>;\n      }\n    })\n  }\n}\n</pre><h2><code style=\"color: rgb(255, 255, 255); background-color: rgb(21, 66, 105);\">ng-connection-service</code> <a href=\"https://ng-connection-service-demo.surge.sh/\" target=\"_blank\">Demo</a></h2><p><br></p>',1,'2019-04-14 14:32:00','https://fullstackworld.com/storage/images/JeZacXrHN0sajtfDWBuShHqv2qhNnh2KQoe1andE.png','','2aa04e3a-eb4a-404b-b237-207758950705','2019-04-15 12:33:43','2019-04-15 12:46:51','{\"meta_description\":\"It\'s a pretty common requirement to monitor the internet connection in your Angular application. Internet connection monitoring in Angular6. Check if user is offline with Angular6.\",\"opengraph_title\":null,\"opengraph_description\":null,\"opengraph_image\":null,\"opengraph_image_width\":null,\"opengraph_image_height\":null,\"twitter_title\":null,\"twitter_description\":null,\"twitter_image\":null}'),('f283bfc2-957f-4c21-80f2-5cc3ec6725f7','when-to-choose-microservices-architecture-over-monolithic-why','When to choose Microservices Architecture Over Monolithic? Why?','From the last couple of years, I’ve heard repeatedly about microservices architecture vs. monolithic, why we should adopt microservices, how to make your application microservice based, and so on and so forth.','<p>From the last couple of years, I’ve heard repeatedly about microservices architecture vs. monolithic, why we should adopt microservices, how to make your application microservice based, and so on and so forth.</p><h3>So let’s see what is it actually, which one to choose &amp; why?</h3><h3>Monolithic Architecture</h3><p>When developing a server-side application you can start it with a modular hexagonal or layered architecture which consists of different types of components:</p><ul><li>Presentation — responsible for handling HTTP requests and responding with either HTML or JSON/XML (for web services APIs).</li><li>Business logic — the application’s business logic.</li><li>Database access — data access objects responsible for accessing the database.</li><li>Application integration — integration with other services (e.g. via messaging or REST API).</li></ul><p>Despite having a logically modular architecture, the application is packaged and deployed as a&nbsp;<strong>monolith</strong>.</p><p><strong>Pros</strong></p><ul><li>Simple to develop &amp; test. For example, you can implement end-to-end testing by simply launching the application and testing the UI with Selenium.</li><li>Simple to deploy. You just have to copy the packaged application to a server.</li><li>Simple to scale horizontally by running multiple copies behind a load balancer.</li></ul><p>It works well in the early stages of the project. Most of the big and successful applications which exist today were started as a monolith.</p><p><strong>Cons</strong></p><ul><li>This simple approach has a limitation in size and complexity.</li><li>The application is too large and complex to fully understand and made changes fast and correctly.</li><li>The size of the application can slow down the start-up time.</li><li>You must redeploy the entire application on each update.</li><li>Impact of a change is usually not very well understood which leads to demand extensive manual testing.</li><li>Continuous deployment becomes difficult.</li><li>Monolithic applications can also be difficult to scale when different modules have conflicting resource requirements.</li><li>Another problem with monolithic applications is reliability. Bug in any module (e.g. memory leak) can potentially bring down the entire process. Moreover, since all instances of the application are identical, that bug will impact the availability of the entire application.</li><li>Monolithic applications have a barrier to adopting new technologies. Since changes in frameworks or languages will affect an entire application it is extremely expensive in both time and cost.</li></ul><h3>Microservices Architecture</h3><p>The idea is to split your application into a set of smaller, interconnected services instead of building a single monolithic application. Each microservice is a small application that has its own hexagonal architecture consisting of business logic along with various adapters. Some microservices would expose a REST, RPC or message-based API and most services consume APIs provided by other services. Other microservices might implement a web UI.</p><p>The Microservice architecture pattern significantly impacts the relationship between the application and the database. Instead of sharing a single database schema with other services, each service has its own database schema. On the one hand, this approach is at odds with the idea of an enterprise-wide data model. Also, it often results in duplication of some data.</p><p><strong>Pros</strong></p><ul><li>It tackles the problem of complexity by decomposing the application into a set of manageable services which are much faster to develop, and much easier to understand and maintain.</li><li>It enables each service to be developed independently by a team that is focused on that service.</li><li>It reduces the barrier of adopting new technologies since the developers are free to choose whatever technologies make sense for their service and not bounded to the choices made at the start of the project.</li><li>The microservices architecture enables each microservice to be deployed independently. As a result, it makes continuous deployment possible for complex applications.</li><li>The microservices architecture enables each service to be scaled independently.</li></ul><p><strong>Cons</strong></p><ul><li>Microservices architecture adding a complexity to the project just by the fact that a microservices application is a distributed system.</li><li>Microservices has the partitioned database architecture, which becomes more challenging for developers to maintain &amp; manage infrastructure.</li><li>Testing a microservices application is also much more complex than in case of the monolithic application.</li><li>It is more difficult to implement changes that span multiple services. You need to carefully plan and coordinate the rollout of changes to each of the services.</li><li>Deploying a microservices-based application is also more complex. A monolithic application is simply deployed on a set of identical servers behind a load balancer. In contrast, a microservice application typically consists of a large number of services. Each service will have multiple runtime instances.</li><li>Since the overall infrastructure becomes large compared to monolithic you will end up having more resources to develop &amp; maintain your application.</li></ul><h3>Monolithic or microservices?</h3><p>Building complex applications are inherently difficult. A Monolithic architecture better suits simple, lightweight applications. There are opinions which suggest starting from the&nbsp;<a href=\"http://martinfowler.com/bliki/MonolithFirst.html\" target=\"_blank\">monolith first</a>&nbsp;and others which recommend&nbsp;<a href=\"http://martinfowler.com/articles/dont-start-monolith.html\" target=\"_blank\">not to start with monolith</a>&nbsp;when your goal is a microservices architecture. But anyway it is important to understand Monolithic architecture since it is the basis for microservices architecture where each service by itself is implemented according to monolithic architecture. The Microservices architecture pattern is the better choice for complex, evolving applications. Actually, the microservices approach is all about handling a complex system, but in order to do so the approach introduces its own set of complexities and implementation challenges.</p><p><br></p><p>Finally, the call is yours to choose the approach but I would suggest thinking from long-term perspective &amp; considering the available resources(<strong>budget, time, team</strong>) when you start designing your new architecture.</p>',1,'2019-01-01 15:53:00','https://images.unsplash.com/photo-1533073526757-2c8ca1df9f1c?ixlib=rb-1.2.1&q=80&fm=jpg&crop=entropy&cs=tinysrgb&w=1080&fit=max&ixid=eyJhcHBfaWQiOjQ5OTAzfQ','Photo by <a href=\"https://unsplash.com/@soymeraki\">Javier Allegue Barros</a> on <a href=\"https://unsplash.com\">Unsplash</a>','2aa04e3a-eb4a-404b-b237-207758950705','2019-01-07 14:53:44','2019-03-13 18:22:50','{\"meta_description\":null,\"opengraph_title\":null,\"opengraph_description\":null,\"opengraph_image\":null,\"opengraph_image_width\":null,\"opengraph_image_height\":null,\"twitter_title\":null,\"twitter_description\":null,\"twitter_image\":null}'),('f8232e96-64f2-4015-b954-030b9c4532fd','how-netflix-uses-javascript-for-interactive-movie-bandersnatch','How Netflix uses Javascript for interactive movie: Bandersnatch','I like this video because they have mentioned different engineering challenges which they had faced like synchronizing UI with the video & give seamless experience.','<p>I like this video because they have mentioned different engineering challenges which they had faced like synchronizing UI with the video &amp; give seamless experience.</p><p>Here\'s a complete presentation from the Netflix engineering team on how they made the interface for their interactive movie <a href=\"https://en.wikipedia.org/wiki/Black_Mirror:_Bandersnatch\" target=\"_blank\">Bandersnatch</a>.</p><div class=\"inline_html\" contenteditable=\"false\"><iframe width=\"560\" height=\"315\" src=\"https://www.youtube.com/embed/WLqc0EX8Bmg\" frameborder=\"0\" allow=\"accelerometer; autoplay; encrypted-media; gyroscope; picture-in-picture\" allowfullscreen=\"\"></iframe></div><p><br></p>',1,'2019-02-16 13:15:00',NULL,'','2aa04e3a-eb4a-404b-b237-207758950705','2019-02-20 12:15:22','2019-03-10 12:39:21','{\"meta_description\":null,\"opengraph_title\":null,\"opengraph_description\":null,\"opengraph_image\":null,\"opengraph_image_width\":null,\"opengraph_image_height\":null,\"twitter_title\":null,\"twitter_description\":null,\"twitter_image\":null}'),('fa177fa2-518d-47cc-bff6-f09fe5430128','laravel-mix','Laravel Mix','','<p>Compiling assets</p><p><a href=\"https://laravel.com/docs/5.8/mix\" target=\"_blank\">https://laravel.com/docs/5.8/mix</a></p>',0,'2019-05-02 12:17:00',NULL,'','2aa04e3a-eb4a-404b-b237-207758950705','2019-05-02 10:17:27','2019-05-02 10:17:38','{\"meta_description\":null,\"opengraph_title\":null,\"opengraph_description\":null,\"opengraph_image\":null,\"opengraph_image_width\":null,\"opengraph_image_height\":null,\"twitter_title\":null,\"twitter_description\":null,\"twitter_image\":null}');
/*!40000 ALTER TABLE `posts` ENABLE KEYS */;
UNLOCK TABLES;

--
-- Dumping data for table `posts_tags`
--

LOCK TABLES `posts_tags` WRITE;
/*!40000 ALTER TABLE `posts_tags` DISABLE KEYS */;
INSERT INTO `posts_tags` VALUES ('037ffe3f-4e2d-4ea9-aa48-a4051cbc67d4','135b3893-02fc-4dc7-b367-762126f49e5a'),('037ffe3f-4e2d-4ea9-aa48-a4051cbc67d4','8f21c9b3-9b80-46c7-8739-b93550cccc9b'),('0a322f34-5a25-4996-a7e3-7013da1c8ae0','123d97dc-9cb7-4c8c-86c0-e3ac179c7a60'),('0a322f34-5a25-4996-a7e3-7013da1c8ae0','b95ee3b8-32d2-4958-a836-c954f4157076'),('0a322f34-5a25-4996-a7e3-7013da1c8ae0','ef0a3539-bd44-4d1b-910b-92ed8d61c871'),('1a49a33b-a0c2-49a5-93e5-1fa16aafdd4b','1248568d-368e-48d4-b1e3-0b5d2e7aad95'),('1a49a33b-a0c2-49a5-93e5-1fa16aafdd4b','135b3893-02fc-4dc7-b367-762126f49e5a'),('1a49a33b-a0c2-49a5-93e5-1fa16aafdd4b','8f21c9b3-9b80-46c7-8739-b93550cccc9b'),('1dbb0e17-f126-46a1-a6c7-6a99f6fc7614','123d97dc-9cb7-4c8c-86c0-e3ac179c7a60'),('1dbb0e17-f126-46a1-a6c7-6a99f6fc7614','e6c236fd-4e52-4284-8bd1-3caf4e801eb1'),('296e8537-afc9-4182-8577-4c1ea218a97a','135b3893-02fc-4dc7-b367-762126f49e5a'),('296e8537-afc9-4182-8577-4c1ea218a97a','8f21c9b3-9b80-46c7-8739-b93550cccc9b'),('32ad3bfb-f416-4daa-91b1-9c4e8b46e41f','135b3893-02fc-4dc7-b367-762126f49e5a'),('32ad3bfb-f416-4daa-91b1-9c4e8b46e41f','8f21c9b3-9b80-46c7-8739-b93550cccc9b'),('3918fbab-8253-4024-ab19-8382c5dee63e','135b3893-02fc-4dc7-b367-762126f49e5a'),('3918fbab-8253-4024-ab19-8382c5dee63e','8f21c9b3-9b80-46c7-8739-b93550cccc9b'),('472fdc8b-f93e-46b5-8449-484c96c32144','481169bc-091b-45e7-a3a3-d75b4419990a'),('472fdc8b-f93e-46b5-8449-484c96c32144','92ec12a4-9cca-4413-b29e-46144cb22d9f'),('472fdc8b-f93e-46b5-8449-484c96c32144','e6c236fd-4e52-4284-8bd1-3caf4e801eb1'),('486814df-c664-4933-b5d3-d137d88c06ff','123d97dc-9cb7-4c8c-86c0-e3ac179c7a60'),('486814df-c664-4933-b5d3-d137d88c06ff','b95ee3b8-32d2-4958-a836-c954f4157076'),('486814df-c664-4933-b5d3-d137d88c06ff','ef0a3539-bd44-4d1b-910b-92ed8d61c871'),('63136482-acbc-4b06-a7ce-e6e5cbbfc404','123d97dc-9cb7-4c8c-86c0-e3ac179c7a60'),('63136482-acbc-4b06-a7ce-e6e5cbbfc404','b95ee3b8-32d2-4958-a836-c954f4157076'),('63136482-acbc-4b06-a7ce-e6e5cbbfc404','ef0a3539-bd44-4d1b-910b-92ed8d61c871'),('6814441f-5d07-47dc-8d53-a7f08ce3aa4a','123d97dc-9cb7-4c8c-86c0-e3ac179c7a60'),('6814441f-5d07-47dc-8d53-a7f08ce3aa4a','b95ee3b8-32d2-4958-a836-c954f4157076'),('6814441f-5d07-47dc-8d53-a7f08ce3aa4a','ef0a3539-bd44-4d1b-910b-92ed8d61c871'),('71d9f2e0-6c66-4ce6-9a3b-bd3bfcfc0d3a','1248568d-368e-48d4-b1e3-0b5d2e7aad95'),('71d9f2e0-6c66-4ce6-9a3b-bd3bfcfc0d3a','135b3893-02fc-4dc7-b367-762126f49e5a'),('71d9f2e0-6c66-4ce6-9a3b-bd3bfcfc0d3a','8f21c9b3-9b80-46c7-8739-b93550cccc9b'),('87e9d514-8c43-4ef3-8387-b29937a3601c','481169bc-091b-45e7-a3a3-d75b4419990a'),('87e9d514-8c43-4ef3-8387-b29937a3601c','92ec12a4-9cca-4413-b29e-46144cb22d9f'),('87e9d514-8c43-4ef3-8387-b29937a3601c','e6c236fd-4e52-4284-8bd1-3caf4e801eb1'),('9845b743-faa1-4701-9f42-0c6a2c967fc7','e6c236fd-4e52-4284-8bd1-3caf4e801eb1'),('a7976d7b-95c7-4523-8506-35542892508b','1248568d-368e-48d4-b1e3-0b5d2e7aad95'),('a7976d7b-95c7-4523-8506-35542892508b','135b3893-02fc-4dc7-b367-762126f49e5a'),('a7976d7b-95c7-4523-8506-35542892508b','8f21c9b3-9b80-46c7-8739-b93550cccc9b'),('aac1c865-d92a-4aa0-81bb-7bb5e85ddd99','135b3893-02fc-4dc7-b367-762126f49e5a'),('ae98c94d-dfc6-43b1-a35a-0885c2071802','123d97dc-9cb7-4c8c-86c0-e3ac179c7a60'),('ae98c94d-dfc6-43b1-a35a-0885c2071802','b95ee3b8-32d2-4958-a836-c954f4157076'),('ae98c94d-dfc6-43b1-a35a-0885c2071802','ef0a3539-bd44-4d1b-910b-92ed8d61c871'),('c8ffb8c9-d9f9-4a38-a13f-a567cd0d93c7','1248568d-368e-48d4-b1e3-0b5d2e7aad95'),('c8ffb8c9-d9f9-4a38-a13f-a567cd0d93c7','135b3893-02fc-4dc7-b367-762126f49e5a'),('c8ffb8c9-d9f9-4a38-a13f-a567cd0d93c7','8f21c9b3-9b80-46c7-8739-b93550cccc9b'),('d72cf5b3-8d78-4e20-a504-ca6c221217b5','123d97dc-9cb7-4c8c-86c0-e3ac179c7a60'),('d72cf5b3-8d78-4e20-a504-ca6c221217b5','481169bc-091b-45e7-a3a3-d75b4419990a'),('d72cf5b3-8d78-4e20-a504-ca6c221217b5','92ec12a4-9cca-4413-b29e-46144cb22d9f'),('d72cf5b3-8d78-4e20-a504-ca6c221217b5','b95ee3b8-32d2-4958-a836-c954f4157076'),('d72cf5b3-8d78-4e20-a504-ca6c221217b5','e6c236fd-4e52-4284-8bd1-3caf4e801eb1'),('d72cf5b3-8d78-4e20-a504-ca6c221217b5','ef0a3539-bd44-4d1b-910b-92ed8d61c871'),('dece9cfb-3e26-4dc6-a64a-2b6490d9798d','481169bc-091b-45e7-a3a3-d75b4419990a'),('dece9cfb-3e26-4dc6-a64a-2b6490d9798d','92ec12a4-9cca-4413-b29e-46144cb22d9f'),('dece9cfb-3e26-4dc6-a64a-2b6490d9798d','e6c236fd-4e52-4284-8bd1-3caf4e801eb1'),('f283bfc2-957f-4c21-80f2-5cc3ec6725f7','1248568d-368e-48d4-b1e3-0b5d2e7aad95'),('f283bfc2-957f-4c21-80f2-5cc3ec6725f7','8f21c9b3-9b80-46c7-8739-b93550cccc9b'),('f283bfc2-957f-4c21-80f2-5cc3ec6725f7','e6c236fd-4e52-4284-8bd1-3caf4e801eb1'),('f8232e96-64f2-4015-b954-030b9c4532fd','123d97dc-9cb7-4c8c-86c0-e3ac179c7a60');
/*!40000 ALTER TABLE `posts_tags` ENABLE KEYS */;
UNLOCK TABLES;

--
-- Dumping data for table `tags`
--

LOCK TABLES `tags` WRITE;
/*!40000 ALTER TABLE `tags` DISABLE KEYS */;
INSERT INTO `tags` VALUES ('123d97dc-9cb7-4c8c-86c0-e3ac179c7a60','vuejs','Vue.js','2019-01-14 21:15:03','2019-03-14 08:18:16','{`meta_description`:null,`opengraph_title`:null,`opengraph_description`:null,`opengraph_image`:null,`opengraph_image_width`:null,`opengraph_image_height`:null,`twitter_title`:null,`twitter_description`:null,`twitter_image`:null}'),('1248568d-368e-48d4-b1e3-0b5d2e7aad95','laravel-packages','Laravel Packages','2019-01-09 22:20:39','2019-03-14 08:21:00','{`meta_description`:null,`opengraph_title`:null,`opengraph_description`:null,`opengraph_image`:null,`opengraph_image_width`:null,`opengraph_image_height`:null,`twitter_title`:null,`twitter_description`:null,`twitter_image`:null}'),('135b3893-02fc-4dc7-b367-762126f49e5a','laravel','Laravel','2019-01-09 22:35:05','2019-01-09 22:35:05',NULL),('481169bc-091b-45e7-a3a3-d75b4419990a','angular-packages','Angular Packages','2019-03-14 08:25:35','2019-03-14 08:25:35','{`meta_description`:null,`opengraph_title`:null,`opengraph_description`:null,`opengraph_image`:null,`opengraph_image_width`:null,`opengraph_image_height`:null,`twitter_title`:null,`twitter_description`:null,`twitter_image`:null}'),('8f21c9b3-9b80-46c7-8739-b93550cccc9b','laravel-news','Laravel News','2019-01-09 22:20:39','2019-03-14 08:20:38','{`meta_description`:null,`opengraph_title`:null,`opengraph_description`:null,`opengraph_image`:null,`opengraph_image_width`:null,`opengraph_image_height`:null,`twitter_title`:null,`twitter_description`:null,`twitter_image`:null}'),('92ec12a4-9cca-4413-b29e-46144cb22d9f','angular-news','Angular News','2019-03-14 08:26:59','2019-03-14 08:26:59','{`meta_description`:null,`opengraph_title`:null,`opengraph_description`:null,`opengraph_image`:null,`opengraph_image_width`:null,`opengraph_image_height`:null,`twitter_title`:null,`twitter_description`:null,`twitter_image`:null}'),('b95ee3b8-32d2-4958-a836-c954f4157076','vuejs-news','Vue.js News','2019-03-14 08:18:59','2019-03-14 08:18:59','{`meta_description`:null,`opengraph_title`:null,`opengraph_description`:null,`opengraph_image`:null,`opengraph_image_width`:null,`opengraph_image_height`:null,`twitter_title`:null,`twitter_description`:null,`twitter_image`:null}'),('e6c236fd-4e52-4284-8bd1-3caf4e801eb1','angular','Angular','2019-01-09 22:20:39','2019-03-14 08:24:40','{`meta_description`:null,`opengraph_title`:null,`opengraph_description`:null,`opengraph_image`:null,`opengraph_image_width`:null,`opengraph_image_height`:null,`twitter_title`:null,`twitter_description`:null,`twitter_image`:null}'),('ef0a3539-bd44-4d1b-910b-92ed8d61c871','vuejs-packages','Vue.js Packages','2019-03-14 08:20:01','2019-03-14 08:20:01','{`meta_description`:null,`opengraph_title`:null,`opengraph_description`:null,`opengraph_image`:null,`opengraph_image_width`:null,`opengraph_image_height`:null,`twitter_title`:null,`twitter_description`:null,`twitter_image`:null}');
/*!40000 ALTER TABLE `tags` ENABLE KEYS */;
UNLOCK TABLES;
/*!40103 SET TIME_ZONE=@OLD_TIME_ZONE */;

/*!40101 SET SQL_MODE=@OLD_SQL_MODE */;
/*!40014 SET FOREIGN_KEY_CHECKS=@OLD_FOREIGN_KEY_CHECKS */;
/*!40014 SET UNIQUE_CHECKS=@OLD_UNIQUE_CHECKS */;
/*!40101 SET CHARACTER_SET_CLIENT=@OLD_CHARACTER_SET_CLIENT */;
/*!40101 SET CHARACTER_SET_RESULTS=@OLD_CHARACTER_SET_RESULTS */;
/*!40101 SET COLLATION_CONNECTION=@OLD_COLLATION_CONNECTION */;
/*!40111 SET SQL_NOTES=@OLD_SQL_NOTES */;

-- Dump completed on 2019-05-23  8:23:04
